DateAndTime            ,Date            ,Time        ,Fault_name              ,Val                     
-----------------------,----------------,------------,------------------------,------------------------
2022-11-17 23:46:59.000,      2022-11-17,23:46:59    ,Emergency_sick_fault    ,                    74.0
2022-11-17 23:46:59.000,      2022-11-17,23:46:59    ,Stamper_push_button_stop,                    32.0
2022-11-17 23:46:59.000,      2022-11-17,23:46:59    ,Stamper_Front_door_open ,                     0.0
2022-11-17 23:45:59.000,      2022-11-17,23:45:59    ,Emergency_sick_fault    ,                    74.0
2022-11-17 23:45:59.000,      2022-11-17,23:45:59    ,Stamper_push_button_stop,                    32.0
2022-11-17 23:45:59.000,      2022-11-17,23:45:59    ,Stamper_Front_door_open ,                     0.0
2022-11-17 23:45:00.000,      2022-11-17,23:45:00    ,Emergency_sick_fault    ,                    74.0
2022-11-17 23:45:00.000,      2022-11-17,23:45:00    ,Stamper_push_button_stop,                    32.0
2022-11-17 23:45:00.000,      2022-11-17,23:45:00    ,Stamper_Front_door_open ,                     0.0
2022-11-17 23:43:59.000,      2022-11-17,23:43:59    ,Emergency_sick_fault    ,                    74.0
2022-11-17 23:43:59.000,      2022-11-17,23:43:59    ,Stamper_push_button_stop,                    32.0
2022-11-17 23:43:59.000,      2022-11-17,23:43:59    ,Stamper_Front_door_open ,                     0.0
2022-11-17 23:42:59.000,      2022-11-17,23:42:59    ,Emergency_sick_fault    ,                    74.0
2022-11-17 23:42:59.000,      2022-11-17,23:42:59    ,Stamper_push_button_stop,                    32.0
2022-11-17 23:42:59.000,      2022-11-17,23:42:59    ,Stamper_Front_door_open ,                     0.0
2022-11-17 23:41:59.000,      2022-11-17,23:41:59    ,Emergency_sick_fault    ,                    74.0
2022-11-17 23:41:59.000,      2022-11-17,23:41:59    ,Stamper_push_button_stop,                    32.0
2022-11-17 23:41:59.000,      2022-11-17,23:41:59    ,Stamper_Front_door_open ,                     0.0
2022-11-17 23:40:59.000,      2022-11-17,23:40:59    ,Emergency_sick_fault    ,                    74.0
2022-11-17 23:40:59.000,      2022-11-17,23:40:59    ,Stamper_push_button_stop,                    32.0
2022-11-17 23:40:59.000,      2022-11-17,23:40:59    ,Stamper_Front_door_open ,                     0.0
2022-11-17 23:40:00.000,      2022-11-17,23:40:00    ,Emergency_sick_fault    ,                    74.0
2022-11-17 23:40:00.000,      2022-11-17,23:40:00    ,Stamper_push_button_stop,                    32.0
2022-11-17 23:40:00.000,      2022-11-17,23:40:00    ,Stamper_Front_door_open ,                     0.0
2022-11-17 23:38:59.000,      2022-11-17,23:38:59    ,Emergency_sick_fault    ,                    74.0
2022-11-17 23:38:59.000,      2022-11-17,23:38:59    ,Stamper_push_button_stop,                    32.0
2022-11-17 23:38:59.000,      2022-11-17,23:38:59    ,Stamper_Front_door_open ,                     0.0
2022-11-17 23:37:59.000,      2022-11-17,23:37:59    ,Emergency_sick_fault    ,                    74.0
2022-11-17 23:37:59.000,      2022-11-17,23:37:59    ,Stamper_push_button_stop,                    32.0
2022-11-17 23:37:59.000,      2022-11-17,23:37:59    ,Stamper_Front_door_open ,                     0.0
2022-11-17 23:37:00.000,      2022-11-17,23:37:00    ,Emergency_sick_fault    ,                    74.0
2022-11-17 23:37:00.000,      2022-11-17,23:37:00    ,Stamper_push_button_stop,                    32.0
2022-11-17 23:37:00.000,      2022-11-17,23:37:00    ,Stamper_Front_door_open ,                     0.0
2022-11-17 23:35:59.000,      2022-11-17,23:35:59    ,Emergency_sick_fault    ,                    74.0
2022-11-17 23:35:59.000,      2022-11-17,23:35:59    ,Stamper_push_button_stop,                    32.0
2022-11-17 23:35:59.000,      2022-11-17,23:35:59    ,Stamper_Front_door_open ,                     0.0
2022-11-17 23:34:59.000,      2022-11-17,23:34:59    ,Emergency_sick_fault    ,                    74.0
2022-11-17 23:34:59.000,      2022-11-17,23:34:59    ,Stamper_push_button_stop,                    32.0
2022-11-17 23:34:59.000,      2022-11-17,23:34:59    ,Stamper_Front_door_open ,                     0.0
2022-11-17 23:34:00.000,      2022-11-17,23:34:00    ,Emergency_sick_fault    ,                    74.0
2022-11-17 23:34:00.000,      2022-11-17,23:34:00    ,Stamper_push_button_stop,                    32.0
2022-11-17 23:34:00.000,      2022-11-17,23:34:00    ,Stamper_Front_door_open ,                     0.0
2022-11-17 23:33:00.000,      2022-11-17,23:33:00    ,Emergency_sick_fault    ,                    62.0
2022-11-17 23:33:00.000,      2022-11-17,23:33:00    ,Stamper_push_button_stop,                    29.0
2022-11-17 23:33:00.000,      2022-11-17,23:33:00    ,Stamper_Front_door_open ,                     0.0
2022-11-17 23:31:59.000,      2022-11-17,23:31:59    ,Emergency_sick_fault    ,                    62.0
2022-11-17 23:31:59.000,      2022-11-17,23:31:59    ,Stamper_push_button_stop,                    28.0
2022-11-17 23:31:59.000,      2022-11-17,23:31:59    ,Stamper_Front_door_open ,                     0.0
2022-11-17 23:31:00.000,      2022-11-17,23:31:00    ,Emergency_sick_fault    ,                    62.0
2022-11-17 23:31:00.000,      2022-11-17,23:31:00    ,Stamper_push_button_stop,                    28.0
2022-11-17 23:31:00.000,      2022-11-17,23:31:00    ,Stamper_Front_door_open ,                     0.0
2022-11-17 23:29:59.000,      2022-11-17,23:29:59    ,Emergency_sick_fault    ,                    62.0
2022-11-17 23:29:59.000,      2022-11-17,23:29:59    ,Stamper_push_button_stop,                    26.0
2022-11-17 23:29:59.000,      2022-11-17,23:29:59    ,Stamper_Front_door_open ,                     0.0
2022-11-17 23:29:00.000,      2022-11-17,23:29:00    ,Emergency_sick_fault    ,                    62.0
2022-11-17 23:29:00.000,      2022-11-17,23:29:00    ,Stamper_push_button_stop,                    26.0
2022-11-17 23:29:00.000,      2022-11-17,23:29:00    ,Stamper_Front_door_open ,                     0.0
2022-11-17 23:27:59.000,      2022-11-17,23:27:59    ,Emergency_sick_fault    ,                    62.0
2022-11-17 23:27:59.000,      2022-11-17,23:27:59    ,Stamper_push_button_stop,                    26.0
2022-11-17 23:27:59.000,      2022-11-17,23:27:59    ,Stamper_Front_door_open ,                     0.0
2022-11-17 23:27:00.000,      2022-11-17,23:27:00    ,Emergency_sick_fault    ,                    62.0
2022-11-17 23:27:00.000,      2022-11-17,23:27:00    ,Stamper_push_button_stop,                    26.0
2022-11-17 23:27:00.000,      2022-11-17,23:27:00    ,Stamper_Front_door_open ,                     0.0
2022-11-17 23:25:59.000,      2022-11-17,23:25:59    ,Emergency_sick_fault    ,                    62.0
2022-11-17 23:25:59.000,      2022-11-17,23:25:59    ,Stamper_push_button_stop,                    26.0
2022-11-17 23:25:59.000,      2022-11-17,23:25:59    ,Stamper_Front_door_open ,                     0.0
2022-11-17 23:25:00.000,      2022-11-17,23:25:00    ,Emergency_sick_fault    ,                    62.0
2022-11-17 23:25:00.000,      2022-11-17,23:25:00    ,Stamper_push_button_stop,                    26.0
2022-11-17 23:25:00.000,      2022-11-17,23:25:00    ,Stamper_Front_door_open ,                     0.0
2022-11-17 23:24:00.000,      2022-11-17,23:24:00    ,Emergency_sick_fault    ,                    62.0
2022-11-17 23:24:00.000,      2022-11-17,23:24:00    ,Stamper_push_button_stop,                    20.0
2022-11-17 23:24:00.000,      2022-11-17,23:24:00    ,Stamper_Front_door_open ,                     0.0
2022-11-17 23:23:00.000,      2022-11-17,23:23:00    ,Emergency_sick_fault    ,                    62.0
2022-11-17 23:23:00.000,      2022-11-17,23:23:00    ,Stamper_push_button_stop,                    18.0
2022-11-17 23:23:00.000,      2022-11-17,23:23:00    ,Stamper_Front_door_open ,                     0.0
2022-11-17 23:21:59.000,      2022-11-17,23:21:59    ,Emergency_sick_fault    ,                    62.0
2022-11-17 23:21:59.000,      2022-11-17,23:21:59    ,Stamper_push_button_stop,                    18.0
2022-11-17 23:21:59.000,      2022-11-17,23:21:59    ,Stamper_Front_door_open ,                     0.0
2022-11-17 23:21:00.000,      2022-11-17,23:21:00    ,Emergency_sick_fault    ,                    62.0
2022-11-17 23:21:00.000,      2022-11-17,23:21:00    ,Stamper_push_button_stop,                    17.0
2022-11-17 23:21:00.000,      2022-11-17,23:21:00    ,Stamper_Front_door_open ,                     0.0
2022-11-17 23:19:59.000,      2022-11-17,23:19:59    ,Emergency_sick_fault    ,                    62.0
2022-11-17 23:19:59.000,      2022-11-17,23:19:59    ,Stamper_push_button_stop,                    14.0
2022-11-17 23:19:59.000,      2022-11-17,23:19:59    ,Stamper_Front_door_open ,                     0.0
2022-11-17 23:19:00.000,      2022-11-17,23:19:00    ,Emergency_sick_fault    ,                    62.0
2022-11-17 23:19:00.000,      2022-11-17,23:19:00    ,Stamper_push_button_stop,                    14.0
2022-11-17 23:19:00.000,      2022-11-17,23:19:00    ,Stamper_Front_door_open ,                     0.0
2022-11-17 23:18:00.000,      2022-11-17,23:18:00    ,Emergency_sick_fault    ,                    62.0
2022-11-17 23:18:00.000,      2022-11-17,23:18:00    ,Stamper_push_button_stop,                    14.0
2022-11-17 23:18:00.000,      2022-11-17,23:18:00    ,Stamper_Front_door_open ,                     0.0
2022-11-17 23:16:59.000,      2022-11-17,23:16:59    ,Emergency_sick_fault    ,                    62.0
2022-11-17 23:16:59.000,      2022-11-17,23:16:59    ,Stamper_push_button_stop,                    14.0
2022-11-17 23:16:59.000,      2022-11-17,23:16:59    ,Stamper_Front_door_open ,                     0.0
2022-11-17 23:15:59.000,      2022-11-17,23:15:59    ,Emergency_sick_fault    ,                    58.0
2022-11-17 23:15:59.000,      2022-11-17,23:15:59    ,Stamper_push_button_stop,                    13.0
2022-11-17 23:15:59.000,      2022-11-17,23:15:59    ,Stamper_Front_door_open ,                     0.0
2022-11-17 23:15:00.000,      2022-11-17,23:15:00    ,Stamper_push_button_stop,                    13.0
2022-11-17 23:15:00.000,      2022-11-17,23:15:00    ,Stamper_Front_door_open ,                     0.0
2022-11-17 23:15:00.000,      2022-11-17,23:15:00    ,Emergency_sick_fault    ,                     0.0
2022-11-17 23:13:59.000,      2022-11-17,23:13:59    ,Stamper_push_button_stop,                    12.0
2022-11-17 23:13:59.000,      2022-11-17,23:13:59    ,Stamper_Front_door_open ,                     0.0
2022-11-17 23:13:59.000,      2022-11-17,23:13:59    ,Emergency_sick_fault    ,                     0.0
2022-11-17 23:13:00.000,      2022-11-17,23:13:00    ,Stamper_push_button_stop,                    12.0
2022-11-17 23:13:00.000,      2022-11-17,23:13:00    ,Stamper_Front_door_open ,                     0.0
2022-11-17 23:13:00.000,      2022-11-17,23:13:00    ,Emergency_sick_fault    ,                     0.0
2022-11-17 23:12:00.000,      2022-11-17,23:12:00    ,Stamper_push_button_stop,                    12.0
2022-11-17 23:12:00.000,      2022-11-17,23:12:00    ,Stamper_Front_door_open ,                     0.0
2022-11-17 23:12:00.000,      2022-11-17,23:12:00    ,Emergency_sick_fault    ,                     0.0
2022-11-17 23:10:59.000,      2022-11-17,23:10:59    ,Stamper_push_button_stop,                    12.0
2022-11-17 23:10:59.000,      2022-11-17,23:10:59    ,Stamper_Front_door_open ,                     0.0
2022-11-17 23:10:59.000,      2022-11-17,23:10:59    ,Emergency_sick_fault    ,                     0.0
2022-11-17 23:09:59.000,      2022-11-17,23:09:59    ,Stamper_push_button_stop,                    12.0
2022-11-17 23:09:59.000,      2022-11-17,23:09:59    ,Stamper_Front_door_open ,                     0.0
2022-11-17 23:09:59.000,      2022-11-17,23:09:59    ,Emergency_sick_fault    ,                     0.0
2022-11-17 23:08:59.000,      2022-11-17,23:08:59    ,Stamper_push_button_stop,                    12.0
2022-11-17 23:08:59.000,      2022-11-17,23:08:59    ,Stamper_Front_door_open ,                     0.0
2022-11-17 23:08:59.000,      2022-11-17,23:08:59    ,Emergency_sick_fault    ,                     0.0
2022-11-17 23:07:59.000,      2022-11-17,23:07:59    ,Stamper_push_button_stop,                    12.0
2022-11-17 23:07:59.000,      2022-11-17,23:07:59    ,Stamper_Front_door_open ,                     0.0
2022-11-17 23:07:59.000,      2022-11-17,23:07:59    ,Emergency_sick_fault    ,                     0.0
2022-11-17 23:07:00.000,      2022-11-17,23:07:00    ,Stamper_push_button_stop,                    12.0
2022-11-17 23:07:00.000,      2022-11-17,23:07:00    ,Stamper_Front_door_open ,                     0.0
2022-11-17 23:07:00.000,      2022-11-17,23:07:00    ,Emergency_sick_fault    ,                     0.0
2022-11-17 23:05:59.000,      2022-11-17,23:05:59    ,Stamper_push_button_stop,                    12.0
2022-11-17 23:05:59.000,      2022-11-17,23:05:59    ,Stamper_Front_door_open ,                     0.0
2022-11-17 23:05:59.000,      2022-11-17,23:05:59    ,Emergency_sick_fault    ,                     0.0
2022-11-17 23:05:00.000,      2022-11-17,23:05:00    ,Stamper_push_button_stop,                    12.0
2022-11-17 23:05:00.000,      2022-11-17,23:05:00    ,Stamper_Front_door_open ,                     0.0
2022-11-17 23:05:00.000,      2022-11-17,23:05:00    ,Emergency_sick_fault    ,                     0.0
2022-11-17 23:03:59.000,      2022-11-17,23:03:59    ,Stamper_push_button_stop,                    12.0
2022-11-17 23:03:59.000,      2022-11-17,23:03:59    ,Stamper_Front_door_open ,                     0.0
2022-11-17 23:03:59.000,      2022-11-17,23:03:59    ,Emergency_sick_fault    ,                     0.0
2022-11-17 23:03:00.000,      2022-11-17,23:03:00    ,Stamper_push_button_stop,                    12.0
2022-11-17 23:03:00.000,      2022-11-17,23:03:00    ,Stamper_Front_door_open ,                     0.0
2022-11-17 23:03:00.000,      2022-11-17,23:03:00    ,Emergency_sick_fault    ,                     0.0
2022-11-17 23:01:59.000,      2022-11-17,23:01:59    ,Stamper_push_button_stop,                    12.0
2022-11-17 23:01:59.000,      2022-11-17,23:01:59    ,Stamper_Front_door_open ,                     0.0
2022-11-17 23:01:59.000,      2022-11-17,23:01:59    ,Emergency_sick_fault    ,                     0.0
2022-11-17 23:00:59.000,      2022-11-17,23:00:59    ,Stamper_push_button_stop,                    12.0
2022-11-17 23:00:59.000,      2022-11-17,23:00:59    ,Stamper_Front_door_open ,                     0.0
2022-11-17 23:00:59.000,      2022-11-17,23:00:59    ,Emergency_sick_fault    ,                     0.0
2022-11-17 22:59:59.000,      2022-11-17,22:59:59    ,Stamper_push_button_stop,                    12.0
2022-11-17 22:59:59.000,      2022-11-17,22:59:59    ,Stamper_Front_door_open ,                     0.0
2022-11-17 22:59:59.000,      2022-11-17,22:59:59    ,Emergency_sick_fault    ,                     0.0
2022-11-17 22:58:59.000,      2022-11-17,22:58:59    ,Stamper_push_button_stop,                    12.0
2022-11-17 22:58:59.000,      2022-11-17,22:58:59    ,Stamper_Front_door_open ,                     0.0
2022-11-17 22:58:59.000,      2022-11-17,22:58:59    ,Emergency_sick_fault    ,                     0.0
2022-11-17 22:57:59.000,      2022-11-17,22:57:59    ,Stamper_push_button_stop,                    12.0
2022-11-17 22:57:59.000,      2022-11-17,22:57:59    ,Stamper_Front_door_open ,                     0.0
2022-11-17 22:57:59.000,      2022-11-17,22:57:59    ,Emergency_sick_fault    ,                     0.0
2022-11-17 22:56:59.000,      2022-11-17,22:56:59    ,Stamper_push_button_stop,                    12.0
2022-11-17 22:56:59.000,      2022-11-17,22:56:59    ,Stamper_Front_door_open ,                     0.0
2022-11-17 22:56:59.000,      2022-11-17,22:56:59    ,Emergency_sick_fault    ,                     0.0
2022-11-17 22:55:59.000,      2022-11-17,22:55:59    ,Stamper_push_button_stop,                    12.0
2022-11-17 22:55:59.000,      2022-11-17,22:55:59    ,Stamper_Front_door_open ,                     0.0
2022-11-17 22:55:59.000,      2022-11-17,22:55:59    ,Emergency_sick_fault    ,                     0.0
2022-11-17 22:55:00.000,      2022-11-17,22:55:00    ,Stamper_push_button_stop,                    12.0
2022-11-17 22:55:00.000,      2022-11-17,22:55:00    ,Stamper_Front_door_open ,                     0.0
2022-11-17 22:55:00.000,      2022-11-17,22:55:00    ,Emergency_sick_fault    ,                     0.0
2022-11-17 22:54:00.000,      2022-11-17,22:54:00    ,Stamper_push_button_stop,                    12.0
2022-11-17 22:54:00.000,      2022-11-17,22:54:00    ,Stamper_Front_door_open ,                     0.0
2022-11-17 22:54:00.000,      2022-11-17,22:54:00    ,Emergency_sick_fault    ,                     0.0
2022-11-17 22:52:59.000,      2022-11-17,22:52:59    ,Stamper_push_button_stop,                    12.0
2022-11-17 22:52:59.000,      2022-11-17,22:52:59    ,Stamper_Front_door_open ,                     0.0
2022-11-17 22:52:59.000,      2022-11-17,22:52:59    ,Emergency_sick_fault    ,                     0.0
2022-11-17 22:52:00.000,      2022-11-17,22:52:00    ,Stamper_push_button_stop,                    12.0
2022-11-17 22:52:00.000,      2022-11-17,22:52:00    ,Stamper_Front_door_open ,                     0.0
2022-11-17 22:52:00.000,      2022-11-17,22:52:00    ,Emergency_sick_fault    ,                     0.0
2022-11-17 22:51:00.000,      2022-11-17,22:51:00    ,Stamper_push_button_stop,                    12.0
2022-11-17 22:51:00.000,      2022-11-17,22:51:00    ,Stamper_Front_door_open ,                     0.0
2022-11-17 22:51:00.000,      2022-11-17,22:51:00    ,Emergency_sick_fault    ,                     0.0
2022-11-17 22:50:00.000,      2022-11-17,22:50:00    ,Stamper_push_button_stop,                    12.0
2022-11-17 22:50:00.000,      2022-11-17,22:50:00    ,Stamper_Front_door_open ,                     0.0
2022-11-17 22:50:00.000,      2022-11-17,22:50:00    ,Emergency_sick_fault    ,                     0.0
2022-11-17 22:48:59.000,      2022-11-17,22:48:59    ,Stamper_push_button_stop,                    12.0
2022-11-17 22:48:59.000,      2022-11-17,22:48:59    ,Stamper_Front_door_open ,                     0.0
2022-11-17 22:48:59.000,      2022-11-17,22:48:59    ,Emergency_sick_fault    ,                     0.0
2022-11-17 22:47:59.000,      2022-11-17,22:47:59    ,Stamper_push_button_stop,                    12.0
2022-11-17 22:47:59.000,      2022-11-17,22:47:59    ,Stamper_Front_door_open ,                     0.0
2022-11-17 22:47:59.000,      2022-11-17,22:47:59    ,Emergency_sick_fault    ,                     0.0
2022-11-17 22:46:59.000,      2022-11-17,22:46:59    ,Stamper_push_button_stop,                    12.0
2022-11-17 22:46:59.000,      2022-11-17,22:46:59    ,Stamper_Front_door_open ,                     0.0
2022-11-17 22:46:59.000,      2022-11-17,22:46:59    ,Emergency_sick_fault    ,                     0.0
2022-11-17 22:45:59.000,      2022-11-17,22:45:59    ,Stamper_push_button_stop,                    12.0
2022-11-17 22:45:59.000,      2022-11-17,22:45:59    ,Stamper_Front_door_open ,                     0.0
2022-11-17 22:45:59.000,      2022-11-17,22:45:59    ,Emergency_sick_fault    ,                     0.0
2022-11-17 22:44:59.000,      2022-11-17,22:44:59    ,Stamper_push_button_stop,                    10.0
2022-11-17 22:44:59.000,      2022-11-17,22:44:59    ,Stamper_Front_door_open ,                     0.0
2022-11-17 22:44:59.000,      2022-11-17,22:44:59    ,Emergency_sick_fault    ,                     0.0
2022-11-17 22:44:00.000,      2022-11-17,22:44:00    ,Stamper_push_button_stop,                     9.0
2022-11-17 22:44:00.000,      2022-11-17,22:44:00    ,Stamper_Front_door_open ,                     0.0
2022-11-17 22:44:00.000,      2022-11-17,22:44:00    ,Emergency_sick_fault    ,                     0.0
2022-11-17 22:43:00.000,      2022-11-17,22:43:00    ,Stamper_push_button_stop,                     7.0
2022-11-17 22:43:00.000,      2022-11-17,22:43:00    ,Stamper_Front_door_open ,                     0.0
2022-11-17 22:43:00.000,      2022-11-17,22:43:00    ,Emergency_sick_fault    ,                     0.0
2022-11-17 22:42:00.000,      2022-11-17,22:42:00    ,Stamper_push_button_stop,                     7.0
2022-11-17 22:42:00.000,      2022-11-17,22:42:00    ,Stamper_Front_door_open ,                     0.0
2022-11-17 22:42:00.000,      2022-11-17,22:42:00    ,Emergency_sick_fault    ,                     0.0
2022-11-17 22:40:59.000,      2022-11-17,22:40:59    ,Stamper_push_button_stop,                     7.0
2022-11-17 22:40:59.000,      2022-11-17,22:40:59    ,Stamper_Front_door_open ,                     0.0
2022-11-17 22:40:59.000,      2022-11-17,22:40:59    ,Emergency_sick_fault    ,                     0.0
2022-11-17 22:39:59.000,      2022-11-17,22:39:59    ,Stamper_push_button_stop,                     7.0
2022-11-17 22:39:59.000,      2022-11-17,22:39:59    ,Stamper_Front_door_open ,                     0.0
2022-11-17 22:39:59.000,      2022-11-17,22:39:59    ,Emergency_sick_fault    ,                     0.0
2022-11-17 22:38:59.000,      2022-11-17,22:38:59    ,Stamper_push_button_stop,                     7.0
2022-11-17 22:38:59.000,      2022-11-17,22:38:59    ,Stamper_Front_door_open ,                     0.0
2022-11-17 22:38:59.000,      2022-11-17,22:38:59    ,Emergency_sick_fault    ,                     0.0
2022-11-17 22:37:59.000,      2022-11-17,22:37:59    ,Stamper_push_button_stop,                     7.0
2022-11-17 22:37:59.000,      2022-11-17,22:37:59    ,Stamper_Front_door_open ,                     0.0
2022-11-17 22:37:59.000,      2022-11-17,22:37:59    ,Emergency_sick_fault    ,                     0.0
2022-11-17 22:36:59.000,      2022-11-17,22:36:59    ,Stamper_push_button_stop,                     7.0
2022-11-17 22:36:59.000,      2022-11-17,22:36:59    ,Stamper_Front_door_open ,                     0.0
2022-11-17 22:36:59.000,      2022-11-17,22:36:59    ,Emergency_sick_fault    ,                     0.0
2022-11-17 22:35:59.000,      2022-11-17,22:35:59    ,Stamper_push_button_stop,                     5.0
2022-11-17 22:35:59.000,      2022-11-17,22:35:59    ,Stamper_Front_door_open ,                     0.0
2022-11-17 22:35:59.000,      2022-11-17,22:35:59    ,Emergency_sick_fault    ,                     0.0
2022-11-17 22:34:59.000,      2022-11-17,22:34:59    ,Stamper_push_button_stop,                     3.0
2022-11-17 22:34:59.000,      2022-11-17,22:34:59    ,Stamper_Front_door_open ,                     0.0
2022-11-17 22:34:59.000,      2022-11-17,22:34:59    ,Emergency_sick_fault    ,                     0.0
2022-11-17 22:33:59.000,      2022-11-17,22:33:59    ,Stamper_push_button_stop,                     3.0
2022-11-17 22:33:59.000,      2022-11-17,22:33:59    ,Stamper_Front_door_open ,                     0.0
2022-11-17 22:33:59.000,      2022-11-17,22:33:59    ,Emergency_sick_fault    ,                     0.0
2022-11-17 22:33:00.000,      2022-11-17,22:33:00    ,Stamper_push_button_stop,                     3.0
2022-11-17 22:33:00.000,      2022-11-17,22:33:00    ,Stamper_Front_door_open ,                     0.0
2022-11-17 22:33:00.000,      2022-11-17,22:33:00    ,Emergency_sick_fault    ,                     0.0
2022-11-17 22:31:59.000,      2022-11-17,22:31:59    ,Stamper_push_button_stop,                     3.0
2022-11-17 22:31:59.000,      2022-11-17,22:31:59    ,Stamper_Front_door_open ,                     0.0
2022-11-17 22:31:59.000,      2022-11-17,22:31:59    ,Emergency_sick_fault    ,                     0.0
2022-11-17 22:31:00.000,      2022-11-17,22:31:00    ,Stamper_push_button_stop,                     3.0
2022-11-17 22:31:00.000,      2022-11-17,22:31:00    ,Stamper_Front_door_open ,                     0.0
2022-11-17 22:31:00.000,      2022-11-17,22:31:00    ,Emergency_sick_fault    ,                     0.0
2022-11-17 22:30:00.000,      2022-11-17,22:30:00    ,Stamper_push_button_stop,                     0.0
2022-11-17 22:30:00.000,      2022-11-17,22:30:00    ,Stamper_Front_door_open ,                     0.0
2022-11-17 22:30:00.000,      2022-11-17,22:30:00    ,Emergency_sick_fault    ,                     0.0
2022-11-17 22:29:00.000,      2022-11-17,22:29:00    ,Stamper_push_button_stop,                     0.0
2022-11-17 22:29:00.000,      2022-11-17,22:29:00    ,Stamper_Front_door_open ,                     0.0
2022-11-17 22:29:00.000,      2022-11-17,22:29:00    ,Emergency_sick_fault    ,                     0.0
2022-11-17 22:27:59.000,      2022-11-17,22:27:59    ,Stamper_push_button_stop,                     0.0
2022-11-17 22:27:59.000,      2022-11-17,22:27:59    ,Stamper_Front_door_open ,                     0.0
2022-11-17 22:27:59.000,      2022-11-17,22:27:59    ,Emergency_sick_fault    ,                     0.0
2022-11-17 22:27:00.000,      2022-11-17,22:27:00    ,Stamper_push_button_stop,                     0.0
2022-11-17 22:27:00.000,      2022-11-17,22:27:00    ,Stamper_Front_door_open ,                     0.0
2022-11-17 22:27:00.000,      2022-11-17,22:27:00    ,Emergency_sick_fault    ,                     0.0
2022-11-17 22:25:59.000,      2022-11-17,22:25:59    ,Stamper_push_button_stop,                     0.0
2022-11-17 22:25:59.000,      2022-11-17,22:25:59    ,Stamper_Front_door_open ,                     0.0
2022-11-17 22:25:59.000,      2022-11-17,22:25:59    ,Emergency_sick_fault    ,                     0.0
2022-11-17 22:25:00.000,      2022-11-17,22:25:00    ,Stamper_push_button_stop,                     0.0
2022-11-17 22:25:00.000,      2022-11-17,22:25:00    ,Stamper_Front_door_open ,                     0.0
2022-11-17 22:25:00.000,      2022-11-17,22:25:00    ,Emergency_sick_fault    ,                     0.0
2022-11-17 22:23:59.000,      2022-11-17,22:23:59    ,Stamper_push_button_stop,                     0.0
2022-11-17 22:23:59.000,      2022-11-17,22:23:59    ,Stamper_Front_door_open ,                     0.0
2022-11-17 22:23:59.000,      2022-11-17,22:23:59    ,Emergency_sick_fault    ,                     0.0
2022-11-17 22:22:59.000,      2022-11-17,22:22:59    ,Stamper_push_button_stop,                     0.0
2022-11-17 22:22:59.000,      2022-11-17,22:22:59    ,Stamper_Front_door_open ,                     0.0
2022-11-17 22:22:59.000,      2022-11-17,22:22:59    ,Emergency_sick_fault    ,                     0.0
2022-11-17 22:21:59.000,      2022-11-17,22:21:59    ,Stamper_push_button_stop,                     0.0
2022-11-17 22:21:59.000,      2022-11-17,22:21:59    ,Stamper_Front_door_open ,                     0.0
2022-11-17 22:21:59.000,      2022-11-17,22:21:59    ,Emergency_sick_fault    ,                     0.0
2022-11-17 22:20:59.000,      2022-11-17,22:20:59    ,Stamper_push_button_stop,                     0.0
2022-11-17 22:20:59.000,      2022-11-17,22:20:59    ,Stamper_Front_door_open ,                     0.0
2022-11-17 22:20:59.000,      2022-11-17,22:20:59    ,Emergency_sick_fault    ,                     0.0
2022-11-17 22:19:59.000,      2022-11-17,22:19:59    ,Stamper_push_button_stop,                     0.0
2022-11-17 22:19:59.000,      2022-11-17,22:19:59    ,Stamper_Front_door_open ,                     0.0
2022-11-17 22:19:59.000,      2022-11-17,22:19:59    ,Emergency_sick_fault    ,                     0.0
2022-11-17 22:19:00.000,      2022-11-17,22:19:00    ,Stamper_push_button_stop,                     0.0
2022-11-17 22:19:00.000,      2022-11-17,22:19:00    ,Stamper_Front_door_open ,                     0.0
2022-11-17 22:19:00.000,      2022-11-17,22:19:00    ,Emergency_sick_fault    ,                     0.0
2022-11-17 22:17:59.000,      2022-11-17,22:17:59    ,Stamper_push_button_stop,                     0.0
2022-11-17 22:17:59.000,      2022-11-17,22:17:59    ,Stamper_Front_door_open ,                     0.0
2022-11-17 22:17:59.000,      2022-11-17,22:17:59    ,Emergency_sick_fault    ,                     0.0
2022-11-17 22:16:59.000,      2022-11-17,22:16:59    ,Stamper_push_button_stop,                     0.0
2022-11-17 22:16:59.000,      2022-11-17,22:16:59    ,Stamper_Front_door_open ,                     0.0
2022-11-17 22:16:59.000,      2022-11-17,22:16:59    ,Emergency_sick_fault    ,                     0.0
2022-11-17 22:15:59.000,      2022-11-17,22:15:59    ,Stamper_push_button_stop,                     0.0
2022-11-17 22:15:59.000,      2022-11-17,22:15:59    ,Stamper_Front_door_open ,                     0.0
2022-11-17 22:15:59.000,      2022-11-17,22:15:59    ,Emergency_sick_fault    ,                     0.0
2022-11-17 22:14:59.000,      2022-11-17,22:14:59    ,Stamper_push_button_stop,                     0.0
2022-11-17 22:14:59.000,      2022-11-17,22:14:59    ,Stamper_Front_door_open ,                     0.0
2022-11-17 22:14:59.000,      2022-11-17,22:14:59    ,Emergency_sick_fault    ,                     0.0
2022-11-17 22:14:00.000,      2022-11-17,22:14:00    ,Stamper_push_button_stop,                     0.0
2022-11-17 22:14:00.000,      2022-11-17,22:14:00    ,Stamper_Front_door_open ,                     0.0
2022-11-17 22:14:00.000,      2022-11-17,22:14:00    ,Emergency_sick_fault    ,                     0.0
2022-11-17 22:12:59.000,      2022-11-17,22:12:59    ,Stamper_push_button_stop,                     0.0
2022-11-17 22:12:59.000,      2022-11-17,22:12:59    ,Stamper_Front_door_open ,                     0.0
2022-11-17 22:12:59.000,      2022-11-17,22:12:59    ,Emergency_sick_fault    ,                     0.0
2022-11-17 22:11:59.000,      2022-11-17,22:11:59    ,Stamper_push_button_stop,                     0.0
2022-11-17 22:11:59.000,      2022-11-17,22:11:59    ,Stamper_Front_door_open ,                     0.0
2022-11-17 22:11:59.000,      2022-11-17,22:11:59    ,Emergency_sick_fault    ,                     0.0
2022-11-17 22:10:59.000,      2022-11-17,22:10:59    ,Stamper_push_button_stop,                     0.0
2022-11-17 22:10:59.000,      2022-11-17,22:10:59    ,Stamper_Front_door_open ,                     0.0
2022-11-17 22:10:59.000,      2022-11-17,22:10:59    ,Emergency_sick_fault    ,                     0.0
2022-11-17 22:10:00.000,      2022-11-17,22:10:00    ,Stamper_push_button_stop,                     0.0
2022-11-17 22:10:00.000,      2022-11-17,22:10:00    ,Stamper_Front_door_open ,                     0.0
2022-11-17 22:10:00.000,      2022-11-17,22:10:00    ,Emergency_sick_fault    ,                     0.0
2022-11-17 22:09:00.000,      2022-11-17,22:09:00    ,Stamper_push_button_stop,                     0.0
2022-11-17 22:09:00.000,      2022-11-17,22:09:00    ,Stamper_Front_door_open ,                     0.0
2022-11-17 22:09:00.000,      2022-11-17,22:09:00    ,Emergency_sick_fault    ,                     0.0
2022-11-17 22:07:59.000,      2022-11-17,22:07:59    ,Stamper_push_button_stop,                     0.0
2022-11-17 22:07:59.000,      2022-11-17,22:07:59    ,Stamper_Front_door_open ,                     0.0
2022-11-17 22:07:59.000,      2022-11-17,22:07:59    ,Emergency_sick_fault    ,                     0.0
2022-11-17 22:06:59.000,      2022-11-17,22:06:59    ,Stamper_push_button_stop,                     0.0
2022-11-17 22:06:59.000,      2022-11-17,22:06:59    ,Stamper_Front_door_open ,                     0.0
2022-11-17 22:06:59.000,      2022-11-17,22:06:59    ,Emergency_sick_fault    ,                     0.0
2022-11-17 22:05:59.000,      2022-11-17,22:05:59    ,Stamper_push_button_stop,                     0.0
2022-11-17 22:05:59.000,      2022-11-17,22:05:59    ,Stamper_Front_door_open ,                     0.0
2022-11-17 22:05:59.000,      2022-11-17,22:05:59    ,Emergency_sick_fault    ,                     0.0
2022-11-17 22:04:59.000,      2022-11-17,22:04:59    ,Stamper_push_button_stop,                     0.0
2022-11-17 22:04:59.000,      2022-11-17,22:04:59    ,Stamper_Front_door_open ,                     0.0
2022-11-17 22:04:59.000,      2022-11-17,22:04:59    ,Emergency_sick_fault    ,                     0.0
2022-11-17 22:03:59.000,      2022-11-17,22:03:59    ,Stamper_push_button_stop,                     0.0
2022-11-17 22:03:59.000,      2022-11-17,22:03:59    ,Stamper_Front_door_open ,                     0.0
2022-11-17 22:03:59.000,      2022-11-17,22:03:59    ,Emergency_sick_fault    ,                     0.0
2022-11-17 22:03:00.000,      2022-11-17,22:03:00    ,Stamper_push_button_stop,                     0.0
2022-11-17 22:03:00.000,      2022-11-17,22:03:00    ,Stamper_Front_door_open ,                     0.0
2022-11-17 22:03:00.000,      2022-11-17,22:03:00    ,Emergency_sick_fault    ,                     0.0
2022-11-17 22:01:59.000,      2022-11-17,22:01:59    ,Stamper_push_button_stop,                     0.0
2022-11-17 22:01:59.000,      2022-11-17,22:01:59    ,Stamper_Front_door_open ,                     0.0
2022-11-17 22:01:59.000,      2022-11-17,22:01:59    ,Emergency_sick_fault    ,                     0.0
2022-11-17 22:00:59.000,      2022-11-17,22:00:59    ,Emergency_sick_fault    ,                 12999.0
2022-11-17 22:00:59.000,      2022-11-17,22:00:59    ,Stamper_Front_door_open ,                 10407.0
2022-11-17 22:00:59.000,      2022-11-17,22:00:59    ,Stamper_push_button_stop,                   661.0
2022-11-17 21:59:59.000,      2022-11-17,21:59:59    ,Emergency_sick_fault    ,                 12999.0
2022-11-17 21:59:59.000,      2022-11-17,21:59:59    ,Stamper_Front_door_open ,                 10407.0
2022-11-17 21:59:59.000,      2022-11-17,21:59:59    ,Stamper_push_button_stop,                   661.0
2022-11-17 21:59:00.000,      2022-11-17,21:59:00    ,Emergency_sick_fault    ,                 12999.0
2022-11-17 21:59:00.000,      2022-11-17,21:59:00    ,Stamper_Front_door_open ,                 10407.0
2022-11-17 21:59:00.000,      2022-11-17,21:59:00    ,Stamper_push_button_stop,                   661.0
2022-11-17 21:57:59.000,      2022-11-17,21:57:59    ,Emergency_sick_fault    ,                 12999.0
2022-11-17 21:57:59.000,      2022-11-17,21:57:59    ,Stamper_Front_door_open ,                 10407.0
2022-11-17 21:57:59.000,      2022-11-17,21:57:59    ,Stamper_push_button_stop,                   661.0
2022-11-17 21:56:59.000,      2022-11-17,21:56:59    ,Emergency_sick_fault    ,                 12999.0
2022-11-17 21:56:59.000,      2022-11-17,21:56:59    ,Stamper_Front_door_open ,                 10407.0
2022-11-17 21:56:59.000,      2022-11-17,21:56:59    ,Stamper_push_button_stop,                   661.0
2022-11-17 21:55:59.000,      2022-11-17,21:55:59    ,Emergency_sick_fault    ,                 12999.0
2022-11-17 21:55:59.000,      2022-11-17,21:55:59    ,Stamper_Front_door_open ,                 10407.0
2022-11-17 21:55:59.000,      2022-11-17,21:55:59    ,Stamper_push_button_stop,                   661.0
2022-11-17 21:54:59.000,      2022-11-17,21:54:59    ,Emergency_sick_fault    ,                 12999.0
2022-11-17 21:54:59.000,      2022-11-17,21:54:59    ,Stamper_Front_door_open ,                 10407.0
2022-11-17 21:54:59.000,      2022-11-17,21:54:59    ,Stamper_push_button_stop,                   661.0
2022-11-17 21:54:00.000,      2022-11-17,21:54:00    ,Emergency_sick_fault    ,                 12999.0
2022-11-17 21:54:00.000,      2022-11-17,21:54:00    ,Stamper_Front_door_open ,                 10407.0
2022-11-17 21:54:00.000,      2022-11-17,21:54:00    ,Stamper_push_button_stop,                   661.0
2022-11-17 21:53:00.000,      2022-11-17,21:53:00    ,Emergency_sick_fault    ,                 12992.0
2022-11-17 21:53:00.000,      2022-11-17,21:53:00    ,Stamper_Front_door_open ,                 10407.0
2022-11-17 21:53:00.000,      2022-11-17,21:53:00    ,Stamper_push_button_stop,                   655.0
2022-11-17 21:52:00.000,      2022-11-17,21:52:00    ,Emergency_sick_fault    ,                 12992.0
2022-11-17 21:52:00.000,      2022-11-17,21:52:00    ,Stamper_Front_door_open ,                 10407.0
2022-11-17 21:52:00.000,      2022-11-17,21:52:00    ,Stamper_push_button_stop,                   655.0
2022-11-17 21:51:00.000,      2022-11-17,21:51:00    ,Emergency_sick_fault    ,                 12992.0
2022-11-17 21:51:00.000,      2022-11-17,21:51:00    ,Stamper_Front_door_open ,                 10407.0
2022-11-17 21:51:00.000,      2022-11-17,21:51:00    ,Stamper_push_button_stop,                   655.0
2022-11-17 21:49:59.000,      2022-11-17,21:49:59    ,Emergency_sick_fault    ,                 12992.0
2022-11-17 21:49:59.000,      2022-11-17,21:49:59    ,Stamper_Front_door_open ,                 10407.0
2022-11-17 21:49:59.000,      2022-11-17,21:49:59    ,Stamper_push_button_stop,                   655.0
2022-11-17 21:49:00.000,      2022-11-17,21:49:00    ,Emergency_sick_fault    ,                 12983.0
2022-11-17 21:49:00.000,      2022-11-17,21:49:00    ,Stamper_Front_door_open ,                 10407.0
2022-11-17 21:49:00.000,      2022-11-17,21:49:00    ,Stamper_push_button_stop,                   653.0
2022-11-17 21:47:59.000,      2022-11-17,21:47:59    ,Emergency_sick_fault    ,                 12983.0
2022-11-17 21:47:59.000,      2022-11-17,21:47:59    ,Stamper_Front_door_open ,                 10407.0
2022-11-17 21:47:59.000,      2022-11-17,21:47:59    ,Stamper_push_button_stop,                   653.0
2022-11-17 21:46:59.000,      2022-11-17,21:46:59    ,Emergency_sick_fault    ,                 12983.0
2022-11-17 21:46:59.000,      2022-11-17,21:46:59    ,Stamper_Front_door_open ,                 10407.0
2022-11-17 21:46:59.000,      2022-11-17,21:46:59    ,Stamper_push_button_stop,                   653.0
2022-11-17 21:45:59.000,      2022-11-17,21:45:59    ,Emergency_sick_fault    ,                 12983.0
2022-11-17 21:45:59.000,      2022-11-17,21:45:59    ,Stamper_Front_door_open ,                 10407.0
2022-11-17 21:45:59.000,      2022-11-17,21:45:59    ,Stamper_push_button_stop,                   653.0
2022-11-17 21:44:59.000,      2022-11-17,21:44:59    ,Emergency_sick_fault    ,                 12983.0
2022-11-17 21:44:59.000,      2022-11-17,21:44:59    ,Stamper_Front_door_open ,                 10407.0
2022-11-17 21:44:59.000,      2022-11-17,21:44:59    ,Stamper_push_button_stop,                   653.0
2022-11-17 21:44:00.000,      2022-11-17,21:44:00    ,Emergency_sick_fault    ,                 12983.0
2022-11-17 21:44:00.000,      2022-11-17,21:44:00    ,Stamper_Front_door_open ,                 10407.0
2022-11-17 21:44:00.000,      2022-11-17,21:44:00    ,Stamper_push_button_stop,                   653.0
2022-11-17 21:43:00.000,      2022-11-17,21:43:00    ,Emergency_sick_fault    ,                 12983.0
2022-11-17 21:43:00.000,      2022-11-17,21:43:00    ,Stamper_Front_door_open ,                 10407.0
2022-11-17 21:43:00.000,      2022-11-17,21:43:00    ,Stamper_push_button_stop,                   653.0
2022-11-17 21:41:59.000,      2022-11-17,21:41:59    ,Emergency_sick_fault    ,                 12983.0
2022-11-17 21:41:59.000,      2022-11-17,21:41:59    ,Stamper_Front_door_open ,                 10407.0
2022-11-17 21:41:59.000,      2022-11-17,21:41:59    ,Stamper_push_button_stop,                   653.0
2022-11-17 21:40:59.000,      2022-11-17,21:40:59    ,Emergency_sick_fault    ,                 12973.0
2022-11-17 21:40:59.000,      2022-11-17,21:40:59    ,Stamper_Front_door_open ,                 10407.0
2022-11-17 21:40:59.000,      2022-11-17,21:40:59    ,Stamper_push_button_stop,                   651.0
2022-11-17 21:39:59.000,      2022-11-17,21:39:59    ,Emergency_sick_fault    ,                 12973.0
2022-11-17 21:39:59.000,      2022-11-17,21:39:59    ,Stamper_Front_door_open ,                 10407.0
2022-11-17 21:39:59.000,      2022-11-17,21:39:59    ,Stamper_push_button_stop,                   650.0
2022-11-17 21:39:00.000,      2022-11-17,21:39:00    ,Emergency_sick_fault    ,                 12973.0
2022-11-17 21:39:00.000,      2022-11-17,21:39:00    ,Stamper_Front_door_open ,                 10407.0
2022-11-17 21:39:00.000,      2022-11-17,21:39:00    ,Stamper_push_button_stop,                   650.0
2022-11-17 21:37:59.000,      2022-11-17,21:37:59    ,Emergency_sick_fault    ,                 12973.0
2022-11-17 21:37:59.000,      2022-11-17,21:37:59    ,Stamper_Front_door_open ,                 10407.0
2022-11-17 21:37:59.000,      2022-11-17,21:37:59    ,Stamper_push_button_stop,                   650.0
2022-11-17 21:37:00.000,      2022-11-17,21:37:00    ,Emergency_sick_fault    ,                 12973.0
2022-11-17 21:37:00.000,      2022-11-17,21:37:00    ,Stamper_Front_door_open ,                 10407.0
2022-11-17 21:37:00.000,      2022-11-17,21:37:00    ,Stamper_push_button_stop,                   650.0
2022-11-17 21:35:59.000,      2022-11-17,21:35:59    ,Emergency_sick_fault    ,                 12973.0
2022-11-17 21:35:59.000,      2022-11-17,21:35:59    ,Stamper_Front_door_open ,                 10407.0
2022-11-17 21:35:59.000,      2022-11-17,21:35:59    ,Stamper_push_button_stop,                   650.0
2022-11-17 21:34:59.000,      2022-11-17,21:34:59    ,Emergency_sick_fault    ,                 12973.0
2022-11-17 21:34:59.000,      2022-11-17,21:34:59    ,Stamper_Front_door_open ,                 10407.0
2022-11-17 21:34:59.000,      2022-11-17,21:34:59    ,Stamper_push_button_stop,                   650.0
2022-11-17 21:34:00.000,      2022-11-17,21:34:00    ,Emergency_sick_fault    ,                 12973.0
2022-11-17 21:34:00.000,      2022-11-17,21:34:00    ,Stamper_Front_door_open ,                 10407.0
2022-11-17 21:34:00.000,      2022-11-17,21:34:00    ,Stamper_push_button_stop,                   650.0
2022-11-17 21:32:59.000,      2022-11-17,21:32:59    ,Emergency_sick_fault    ,                 12973.0
2022-11-17 21:32:59.000,      2022-11-17,21:32:59    ,Stamper_Front_door_open ,                 10407.0
2022-11-17 21:32:59.000,      2022-11-17,21:32:59    ,Stamper_push_button_stop,                   650.0
2022-11-17 21:31:59.000,      2022-11-17,21:31:59    ,Emergency_sick_fault    ,                 12973.0
2022-11-17 21:31:59.000,      2022-11-17,21:31:59    ,Stamper_Front_door_open ,                 10407.0
2022-11-17 21:31:59.000,      2022-11-17,21:31:59    ,Stamper_push_button_stop,                   650.0
2022-11-17 21:31:00.000,      2022-11-17,21:31:00    ,Emergency_sick_fault    ,                 12973.0
2022-11-17 21:31:00.000,      2022-11-17,21:31:00    ,Stamper_Front_door_open ,                 10407.0
2022-11-17 21:31:00.000,      2022-11-17,21:31:00    ,Stamper_push_button_stop,                   650.0
2022-11-17 21:29:59.000,      2022-11-17,21:29:59    ,Emergency_sick_fault    ,                 12964.0
2022-11-17 21:29:59.000,      2022-11-17,21:29:59    ,Stamper_Front_door_open ,                 10407.0
2022-11-17 21:29:59.000,      2022-11-17,21:29:59    ,Stamper_push_button_stop,                   648.0
2022-11-17 21:28:59.000,      2022-11-17,21:28:59    ,Emergency_sick_fault    ,                 12964.0
2022-11-17 21:28:59.000,      2022-11-17,21:28:59    ,Stamper_Front_door_open ,                 10407.0
2022-11-17 21:28:59.000,      2022-11-17,21:28:59    ,Stamper_push_button_stop,                   648.0
2022-11-17 21:27:59.000,      2022-11-17,21:27:59    ,Emergency_sick_fault    ,                 12964.0
2022-11-17 21:27:59.000,      2022-11-17,21:27:59    ,Stamper_Front_door_open ,                 10407.0
2022-11-17 21:27:59.000,      2022-11-17,21:27:59    ,Stamper_push_button_stop,                   648.0
2022-11-17 21:26:59.000,      2022-11-17,21:26:59    ,Emergency_sick_fault    ,                 12964.0
2022-11-17 21:26:59.000,      2022-11-17,21:26:59    ,Stamper_Front_door_open ,                 10407.0
2022-11-17 21:26:59.000,      2022-11-17,21:26:59    ,Stamper_push_button_stop,                   648.0
2022-11-17 21:26:00.000,      2022-11-17,21:26:00    ,Emergency_sick_fault    ,                 12964.0
2022-11-17 21:26:00.000,      2022-11-17,21:26:00    ,Stamper_Front_door_open ,                 10407.0
2022-11-17 21:26:00.000,      2022-11-17,21:26:00    ,Stamper_push_button_stop,                   648.0
2022-11-17 21:24:59.000,      2022-11-17,21:24:59    ,Emergency_sick_fault    ,                 12964.0
2022-11-17 21:24:59.000,      2022-11-17,21:24:59    ,Stamper_Front_door_open ,                 10407.0
2022-11-17 21:24:59.000,      2022-11-17,21:24:59    ,Stamper_push_button_stop,                   648.0
2022-11-17 21:24:00.000,      2022-11-17,21:24:00    ,Emergency_sick_fault    ,                 12964.0
2022-11-17 21:24:00.000,      2022-11-17,21:24:00    ,Stamper_Front_door_open ,                 10407.0
2022-11-17 21:24:00.000,      2022-11-17,21:24:00    ,Stamper_push_button_stop,                   648.0
2022-11-17 21:23:00.000,      2022-11-17,21:23:00    ,Emergency_sick_fault    ,                 12964.0
2022-11-17 21:23:00.000,      2022-11-17,21:23:00    ,Stamper_Front_door_open ,                 10407.0
2022-11-17 21:23:00.000,      2022-11-17,21:23:00    ,Stamper_push_button_stop,                   648.0
2022-11-17 21:21:59.000,      2022-11-17,21:21:59    ,Emergency_sick_fault    ,                 12964.0
2022-11-17 21:21:59.000,      2022-11-17,21:21:59    ,Stamper_Front_door_open ,                 10407.0
2022-11-17 21:21:59.000,      2022-11-17,21:21:59    ,Stamper_push_button_stop,                   648.0
2022-11-17 21:21:00.000,      2022-11-17,21:21:00    ,Emergency_sick_fault    ,                 12964.0
2022-11-17 21:21:00.000,      2022-11-17,21:21:00    ,Stamper_Front_door_open ,                 10407.0
2022-11-17 21:21:00.000,      2022-11-17,21:21:00    ,Stamper_push_button_stop,                   648.0
2022-11-17 21:20:00.000,      2022-11-17,21:20:00    ,Emergency_sick_fault    ,                 12964.0
2022-11-17 21:20:00.000,      2022-11-17,21:20:00    ,Stamper_Front_door_open ,                 10407.0
2022-11-17 21:20:00.000,      2022-11-17,21:20:00    ,Stamper_push_button_stop,                   648.0
2022-11-17 21:19:00.000,      2022-11-17,21:19:00    ,Emergency_sick_fault    ,                 12937.0
2022-11-17 21:19:00.000,      2022-11-17,21:19:00    ,Stamper_Front_door_open ,                 10407.0
2022-11-17 21:19:00.000,      2022-11-17,21:19:00    ,Stamper_push_button_stop,                   646.0
2022-11-17 21:17:59.000,      2022-11-17,21:17:59    ,Emergency_sick_fault    ,                 12937.0
2022-11-17 21:17:59.000,      2022-11-17,21:17:59    ,Stamper_Front_door_open ,                 10407.0
2022-11-17 21:17:59.000,      2022-11-17,21:17:59    ,Stamper_push_button_stop,                   646.0
2022-11-17 21:17:00.000,      2022-11-17,21:17:00    ,Emergency_sick_fault    ,                 12913.0
2022-11-17 21:17:00.000,      2022-11-17,21:17:00    ,Stamper_Front_door_open ,                 10407.0
2022-11-17 21:17:00.000,      2022-11-17,21:17:00    ,Stamper_push_button_stop,                   645.0
2022-11-17 21:15:59.000,      2022-11-17,21:15:59    ,Emergency_sick_fault    ,                 12853.0
2022-11-17 21:15:59.000,      2022-11-17,21:15:59    ,Stamper_Front_door_open ,                 10407.0
2022-11-17 21:15:59.000,      2022-11-17,21:15:59    ,Stamper_push_button_stop,                   645.0
2022-11-17 21:15:00.000,      2022-11-17,21:15:00    ,Emergency_sick_fault    ,                 12794.0
2022-11-17 21:15:00.000,      2022-11-17,21:15:00    ,Stamper_Front_door_open ,                 10407.0
2022-11-17 21:15:00.000,      2022-11-17,21:15:00    ,Stamper_push_button_stop,                   645.0
2022-11-17 21:13:59.000,      2022-11-17,21:13:59    ,Emergency_sick_fault    ,                 12748.0
2022-11-17 21:13:59.000,      2022-11-17,21:13:59    ,Stamper_Front_door_open ,                 10407.0
2022-11-17 21:13:59.000,      2022-11-17,21:13:59    ,Stamper_push_button_stop,                   644.0
2022-11-17 21:12:59.000,      2022-11-17,21:12:59    ,Emergency_sick_fault    ,                 12748.0
2022-11-17 21:12:59.000,      2022-11-17,21:12:59    ,Stamper_Front_door_open ,                 10407.0
2022-11-17 21:12:59.000,      2022-11-17,21:12:59    ,Stamper_push_button_stop,                   644.0
2022-11-17 21:11:59.000,      2022-11-17,21:11:59    ,Emergency_sick_fault    ,                 12748.0
2022-11-17 21:11:59.000,      2022-11-17,21:11:59    ,Stamper_Front_door_open ,                 10407.0
2022-11-17 21:11:59.000,      2022-11-17,21:11:59    ,Stamper_push_button_stop,                   644.0
2022-11-17 21:10:59.000,      2022-11-17,21:10:59    ,Emergency_sick_fault    ,                 12748.0
2022-11-17 21:10:59.000,      2022-11-17,21:10:59    ,Stamper_Front_door_open ,                 10407.0
2022-11-17 21:10:59.000,      2022-11-17,21:10:59    ,Stamper_push_button_stop,                   644.0
2022-11-17 21:10:00.000,      2022-11-17,21:10:00    ,Emergency_sick_fault    ,                 12748.0
2022-11-17 21:10:00.000,      2022-11-17,21:10:00    ,Stamper_Front_door_open ,                 10407.0
2022-11-17 21:10:00.000,      2022-11-17,21:10:00    ,Stamper_push_button_stop,                   644.0
2022-11-17 21:08:59.000,      2022-11-17,21:08:59    ,Emergency_sick_fault    ,                 12748.0
2022-11-17 21:08:59.000,      2022-11-17,21:08:59    ,Stamper_Front_door_open ,                 10407.0
2022-11-17 21:08:59.000,      2022-11-17,21:08:59    ,Stamper_push_button_stop,                   644.0
2022-11-17 21:07:59.000,      2022-11-17,21:07:59    ,Emergency_sick_fault    ,                 12709.0
2022-11-17 21:07:59.000,      2022-11-17,21:07:59    ,Stamper_Front_door_open ,                 10407.0
2022-11-17 21:07:59.000,      2022-11-17,21:07:59    ,Stamper_push_button_stop,                   636.0
2022-11-17 21:06:59.000,      2022-11-17,21:06:59    ,Emergency_sick_fault    ,                 12685.0
2022-11-17 21:06:59.000,      2022-11-17,21:06:59    ,Stamper_Front_door_open ,                 10407.0
2022-11-17 21:06:59.000,      2022-11-17,21:06:59    ,Stamper_push_button_stop,                   632.0
2022-11-17 21:06:00.000,      2022-11-17,21:06:00    ,Emergency_sick_fault    ,                 12650.0
2022-11-17 21:06:00.000,      2022-11-17,21:06:00    ,Stamper_Front_door_open ,                 10407.0
2022-11-17 21:06:00.000,      2022-11-17,21:06:00    ,Stamper_push_button_stop,                   629.0
2022-11-17 21:04:59.000,      2022-11-17,21:04:59    ,Emergency_sick_fault    ,                 12629.0
2022-11-17 21:04:59.000,      2022-11-17,21:04:59    ,Stamper_Front_door_open ,                 10407.0
2022-11-17 21:04:59.000,      2022-11-17,21:04:59    ,Stamper_push_button_stop,                   620.0
2022-11-17 21:03:59.000,      2022-11-17,21:03:59    ,Emergency_sick_fault    ,                 12570.0
2022-11-17 21:03:59.000,      2022-11-17,21:03:59    ,Stamper_Front_door_open ,                 10407.0
2022-11-17 21:03:59.000,      2022-11-17,21:03:59    ,Stamper_push_button_stop,                   620.0
2022-11-17 21:02:59.000,      2022-11-17,21:02:59    ,Emergency_sick_fault    ,                 12512.0
2022-11-17 21:02:59.000,      2022-11-17,21:02:59    ,Stamper_Front_door_open ,                 10407.0
2022-11-17 21:02:59.000,      2022-11-17,21:02:59    ,Stamper_push_button_stop,                   620.0
2022-11-17 21:02:00.000,      2022-11-17,21:02:00    ,Emergency_sick_fault    ,                 12452.0
2022-11-17 21:02:00.000,      2022-11-17,21:02:00    ,Stamper_Front_door_open ,                 10407.0
2022-11-17 21:02:00.000,      2022-11-17,21:02:00    ,Stamper_push_button_stop,                   620.0
2022-11-17 21:00:59.000,      2022-11-17,21:00:59    ,Emergency_sick_fault    ,                 12393.0
2022-11-17 21:00:59.000,      2022-11-17,21:00:59    ,Stamper_Front_door_open ,                 10407.0
2022-11-17 21:00:59.000,      2022-11-17,21:00:59    ,Stamper_push_button_stop,                   620.0
2022-11-17 20:59:59.000,      2022-11-17,20:59:59    ,Emergency_sick_fault    ,                 12334.0
2022-11-17 20:59:59.000,      2022-11-17,20:59:59    ,Stamper_Front_door_open ,                 10407.0
2022-11-17 20:59:59.000,      2022-11-17,20:59:59    ,Stamper_push_button_stop,                   620.0
2022-11-17 20:58:59.000,      2022-11-17,20:58:59    ,Emergency_sick_fault    ,                 12275.0
2022-11-17 20:58:59.000,      2022-11-17,20:58:59    ,Stamper_Front_door_open ,                 10407.0
2022-11-17 20:58:59.000,      2022-11-17,20:58:59    ,Stamper_push_button_stop,                   620.0
2022-11-17 20:58:00.000,      2022-11-17,20:58:00    ,Emergency_sick_fault    ,                 12215.0
2022-11-17 20:58:00.000,      2022-11-17,20:58:00    ,Stamper_Front_door_open ,                 10407.0
2022-11-17 20:58:00.000,      2022-11-17,20:58:00    ,Stamper_push_button_stop,                   620.0
2022-11-17 20:56:59.000,      2022-11-17,20:56:59    ,Emergency_sick_fault    ,                 12157.0
2022-11-17 20:56:59.000,      2022-11-17,20:56:59    ,Stamper_Front_door_open ,                 10407.0
2022-11-17 20:56:59.000,      2022-11-17,20:56:59    ,Stamper_push_button_stop,                   620.0
2022-11-17 20:55:59.000,      2022-11-17,20:55:59    ,Emergency_sick_fault    ,                 12098.0
2022-11-17 20:55:59.000,      2022-11-17,20:55:59    ,Stamper_Front_door_open ,                 10407.0
2022-11-17 20:55:59.000,      2022-11-17,20:55:59    ,Stamper_push_button_stop,                   620.0
2022-11-17 20:55:00.000,      2022-11-17,20:55:00    ,Emergency_sick_fault    ,                 12039.0
2022-11-17 20:55:00.000,      2022-11-17,20:55:00    ,Stamper_Front_door_open ,                 10407.0
2022-11-17 20:55:00.000,      2022-11-17,20:55:00    ,Stamper_push_button_stop,                   620.0
2022-11-17 20:53:59.000,      2022-11-17,20:53:59    ,Emergency_sick_fault    ,                 11979.0
2022-11-17 20:53:59.000,      2022-11-17,20:53:59    ,Stamper_Front_door_open ,                 10407.0
2022-11-17 20:53:59.000,      2022-11-17,20:53:59    ,Stamper_push_button_stop,                   620.0
2022-11-17 20:52:59.000,      2022-11-17,20:52:59    ,Emergency_sick_fault    ,                 11920.0
2022-11-17 20:52:59.000,      2022-11-17,20:52:59    ,Stamper_Front_door_open ,                 10407.0
2022-11-17 20:52:59.000,      2022-11-17,20:52:59    ,Stamper_push_button_stop,                   620.0
2022-11-17 20:51:59.000,      2022-11-17,20:51:59    ,Emergency_sick_fault    ,                 11861.0
2022-11-17 20:51:59.000,      2022-11-17,20:51:59    ,Stamper_Front_door_open ,                 10407.0
2022-11-17 20:51:59.000,      2022-11-17,20:51:59    ,Stamper_push_button_stop,                   620.0
2022-11-17 20:51:00.000,      2022-11-17,20:51:00    ,Emergency_sick_fault    ,                 11802.0
2022-11-17 20:51:00.000,      2022-11-17,20:51:00    ,Stamper_Front_door_open ,                 10407.0
2022-11-17 20:51:00.000,      2022-11-17,20:51:00    ,Stamper_push_button_stop,                   620.0
2022-11-17 20:49:59.000,      2022-11-17,20:49:59    ,Emergency_sick_fault    ,                 11743.0
2022-11-17 20:49:59.000,      2022-11-17,20:49:59    ,Stamper_Front_door_open ,                 10407.0
2022-11-17 20:49:59.000,      2022-11-17,20:49:59    ,Stamper_push_button_stop,                   620.0
2022-11-17 20:48:59.000,      2022-11-17,20:48:59    ,Emergency_sick_fault    ,                 11684.0
2022-11-17 20:48:59.000,      2022-11-17,20:48:59    ,Stamper_Front_door_open ,                 10407.0
2022-11-17 20:48:59.000,      2022-11-17,20:48:59    ,Stamper_push_button_stop,                   620.0
2022-11-17 20:47:59.000,      2022-11-17,20:47:59    ,Emergency_sick_fault    ,                 11650.0
2022-11-17 20:47:59.000,      2022-11-17,20:47:59    ,Stamper_Front_door_open ,                 10407.0
2022-11-17 20:47:59.000,      2022-11-17,20:47:59    ,Stamper_push_button_stop,                   618.0
2022-11-17 20:47:00.000,      2022-11-17,20:47:00    ,Emergency_sick_fault    ,                 11625.0
2022-11-17 20:47:00.000,      2022-11-17,20:47:00    ,Stamper_Front_door_open ,                 10377.0
2022-11-17 20:47:00.000,      2022-11-17,20:47:00    ,Stamper_push_button_stop,                   617.0
2022-11-17 20:46:00.000,      2022-11-17,20:46:00    ,Emergency_sick_fault    ,                 11565.0
2022-11-17 20:46:00.000,      2022-11-17,20:46:00    ,Stamper_Front_door_open ,                 10317.0
2022-11-17 20:46:00.000,      2022-11-17,20:46:00    ,Stamper_push_button_stop,                   617.0
2022-11-17 20:44:59.000,      2022-11-17,20:44:59    ,Emergency_sick_fault    ,                 11506.0
2022-11-17 20:44:59.000,      2022-11-17,20:44:59    ,Stamper_Front_door_open ,                 10258.0
2022-11-17 20:44:59.000,      2022-11-17,20:44:59    ,Stamper_push_button_stop,                   617.0
2022-11-17 20:43:59.000,      2022-11-17,20:43:59    ,Emergency_sick_fault    ,                 11506.0
2022-11-17 20:43:59.000,      2022-11-17,20:43:59    ,Stamper_Front_door_open ,                 10258.0
2022-11-17 20:43:59.000,      2022-11-17,20:43:59    ,Stamper_push_button_stop,                   617.0
2022-11-17 20:42:59.000,      2022-11-17,20:42:59    ,Emergency_sick_fault    ,                 11388.0
2022-11-17 20:42:59.000,      2022-11-17,20:42:59    ,Stamper_Front_door_open ,                 10140.0
2022-11-17 20:42:59.000,      2022-11-17,20:42:59    ,Stamper_push_button_stop,                   617.0
2022-11-17 20:41:59.000,      2022-11-17,20:41:59    ,Emergency_sick_fault    ,                 11329.0
2022-11-17 20:41:59.000,      2022-11-17,20:41:59    ,Stamper_Front_door_open ,                 10081.0
2022-11-17 20:41:59.000,      2022-11-17,20:41:59    ,Stamper_push_button_stop,                   617.0
2022-11-17 20:40:59.000,      2022-11-17,20:40:59    ,Emergency_sick_fault    ,                 11270.0
2022-11-17 20:40:59.000,      2022-11-17,20:40:59    ,Stamper_Front_door_open ,                 10022.0
2022-11-17 20:40:59.000,      2022-11-17,20:40:59    ,Stamper_push_button_stop,                   617.0
2022-11-17 20:39:59.000,      2022-11-17,20:39:59    ,Emergency_sick_fault    ,                 11211.0
2022-11-17 20:39:59.000,      2022-11-17,20:39:59    ,Stamper_Front_door_open ,                  9963.0
2022-11-17 20:39:59.000,      2022-11-17,20:39:59    ,Stamper_push_button_stop,                   617.0
2022-11-17 20:38:59.000,      2022-11-17,20:38:59    ,Emergency_sick_fault    ,                 11151.0
2022-11-17 20:38:59.000,      2022-11-17,20:38:59    ,Stamper_Front_door_open ,                  9903.0
2022-11-17 20:38:59.000,      2022-11-17,20:38:59    ,Stamper_push_button_stop,                   617.0
2022-11-17 20:37:59.000,      2022-11-17,20:37:59    ,Emergency_sick_fault    ,                 11093.0
2022-11-17 20:37:59.000,      2022-11-17,20:37:59    ,Stamper_Front_door_open ,                  9845.0
2022-11-17 20:37:59.000,      2022-11-17,20:37:59    ,Stamper_push_button_stop,                   617.0
2022-11-17 20:37:00.000,      2022-11-17,20:37:00    ,Emergency_sick_fault    ,                 11034.0
2022-11-17 20:37:00.000,      2022-11-17,20:37:00    ,Stamper_Front_door_open ,                  9786.0
2022-11-17 20:37:00.000,      2022-11-17,20:37:00    ,Stamper_push_button_stop,                   617.0
2022-11-17 20:35:59.000,      2022-11-17,20:35:59    ,Emergency_sick_fault    ,                 10974.0
2022-11-17 20:35:59.000,      2022-11-17,20:35:59    ,Stamper_Front_door_open ,                  9726.0
2022-11-17 20:35:59.000,      2022-11-17,20:35:59    ,Stamper_push_button_stop,                   617.0
2022-11-17 20:34:59.000,      2022-11-17,20:34:59    ,Emergency_sick_fault    ,                 10915.0
2022-11-17 20:34:59.000,      2022-11-17,20:34:59    ,Stamper_Front_door_open ,                  9667.0
2022-11-17 20:34:59.000,      2022-11-17,20:34:59    ,Stamper_push_button_stop,                   617.0
2022-11-17 20:33:59.000,      2022-11-17,20:33:59    ,Emergency_sick_fault    ,                 10856.0
2022-11-17 20:33:59.000,      2022-11-17,20:33:59    ,Stamper_Front_door_open ,                  9608.0
2022-11-17 20:33:59.000,      2022-11-17,20:33:59    ,Stamper_push_button_stop,                   617.0
2022-11-17 20:32:59.000,      2022-11-17,20:32:59    ,Emergency_sick_fault    ,                 10797.0
2022-11-17 20:32:59.000,      2022-11-17,20:32:59    ,Stamper_Front_door_open ,                  9549.0
2022-11-17 20:32:59.000,      2022-11-17,20:32:59    ,Stamper_push_button_stop,                   617.0
2022-11-17 20:31:59.000,      2022-11-17,20:31:59    ,Emergency_sick_fault    ,                 10738.0
2022-11-17 20:31:59.000,      2022-11-17,20:31:59    ,Stamper_Front_door_open ,                  9490.0
2022-11-17 20:31:59.000,      2022-11-17,20:31:59    ,Stamper_push_button_stop,                   617.0
2022-11-17 20:30:59.000,      2022-11-17,20:30:59    ,Emergency_sick_fault    ,                 10679.0
2022-11-17 20:30:59.000,      2022-11-17,20:30:59    ,Stamper_Front_door_open ,                  9431.0
2022-11-17 20:30:59.000,      2022-11-17,20:30:59    ,Stamper_push_button_stop,                   617.0
2022-11-17 20:29:59.000,      2022-11-17,20:29:59    ,Emergency_sick_fault    ,                 10620.0
2022-11-17 20:29:59.000,      2022-11-17,20:29:59    ,Stamper_Front_door_open ,                  9372.0
2022-11-17 20:29:59.000,      2022-11-17,20:29:59    ,Stamper_push_button_stop,                   617.0
2022-11-17 20:28:59.000,      2022-11-17,20:28:59    ,Emergency_sick_fault    ,                 10561.0
2022-11-17 20:28:59.000,      2022-11-17,20:28:59    ,Stamper_Front_door_open ,                  9313.0
2022-11-17 20:28:59.000,      2022-11-17,20:28:59    ,Stamper_push_button_stop,                   617.0
2022-11-17 20:28:00.000,      2022-11-17,20:28:00    ,Emergency_sick_fault    ,                 10501.0
2022-11-17 20:28:00.000,      2022-11-17,20:28:00    ,Stamper_Front_door_open ,                  9253.0
2022-11-17 20:28:00.000,      2022-11-17,20:28:00    ,Stamper_push_button_stop,                   617.0
2022-11-17 20:27:00.000,      2022-11-17,20:27:00    ,Emergency_sick_fault    ,                 10442.0
2022-11-17 20:27:00.000,      2022-11-17,20:27:00    ,Stamper_Front_door_open ,                  9194.0
2022-11-17 20:27:00.000,      2022-11-17,20:27:00    ,Stamper_push_button_stop,                   617.0
2022-11-17 20:26:00.000,      2022-11-17,20:26:00    ,Emergency_sick_fault    ,                 10383.0
2022-11-17 20:26:00.000,      2022-11-17,20:26:00    ,Stamper_Front_door_open ,                  9135.0
2022-11-17 20:26:00.000,      2022-11-17,20:26:00    ,Stamper_push_button_stop,                   617.0
2022-11-17 20:25:00.000,      2022-11-17,20:25:00    ,Emergency_sick_fault    ,                 10324.0
2022-11-17 20:25:00.000,      2022-11-17,20:25:00    ,Stamper_Front_door_open ,                  9076.0
2022-11-17 20:25:00.000,      2022-11-17,20:25:00    ,Stamper_push_button_stop,                   617.0
2022-11-17 20:23:59.000,      2022-11-17,20:23:59    ,Emergency_sick_fault    ,                 10265.0
2022-11-17 20:23:59.000,      2022-11-17,20:23:59    ,Stamper_Front_door_open ,                  9017.0
2022-11-17 20:23:59.000,      2022-11-17,20:23:59    ,Stamper_push_button_stop,                   617.0
2022-11-17 20:22:59.000,      2022-11-17,20:22:59    ,Emergency_sick_fault    ,                 10206.0
2022-11-17 20:22:59.000,      2022-11-17,20:22:59    ,Stamper_Front_door_open ,                  8958.0
2022-11-17 20:22:59.000,      2022-11-17,20:22:59    ,Stamper_push_button_stop,                   617.0
2022-11-17 20:21:59.000,      2022-11-17,20:21:59    ,Emergency_sick_fault    ,                 10147.0
2022-11-17 20:21:59.000,      2022-11-17,20:21:59    ,Stamper_Front_door_open ,                  8899.0
2022-11-17 20:21:59.000,      2022-11-17,20:21:59    ,Stamper_push_button_stop,                   617.0
2022-11-17 20:21:00.000,      2022-11-17,20:21:00    ,Emergency_sick_fault    ,                 10087.0
2022-11-17 20:21:00.000,      2022-11-17,20:21:00    ,Stamper_Front_door_open ,                  8839.0
2022-11-17 20:21:00.000,      2022-11-17,20:21:00    ,Stamper_push_button_stop,                   617.0
2022-11-17 20:19:59.000,      2022-11-17,20:19:59    ,Emergency_sick_fault    ,                 10028.0
2022-11-17 20:19:59.000,      2022-11-17,20:19:59    ,Stamper_Front_door_open ,                  8780.0
2022-11-17 20:19:59.000,      2022-11-17,20:19:59    ,Stamper_push_button_stop,                   617.0
2022-11-17 20:18:59.000,      2022-11-17,20:18:59    ,Emergency_sick_fault    ,                  9969.0
2022-11-17 20:18:59.000,      2022-11-17,20:18:59    ,Stamper_Front_door_open ,                  8721.0
2022-11-17 20:18:59.000,      2022-11-17,20:18:59    ,Stamper_push_button_stop,                   617.0
2022-11-17 20:17:59.000,      2022-11-17,20:17:59    ,Emergency_sick_fault    ,                  9911.0
2022-11-17 20:17:59.000,      2022-11-17,20:17:59    ,Stamper_Front_door_open ,                  8663.0
2022-11-17 20:17:59.000,      2022-11-17,20:17:59    ,Stamper_push_button_stop,                   617.0
2022-11-17 20:17:00.000,      2022-11-17,20:17:00    ,Emergency_sick_fault    ,                  9851.0
2022-11-17 20:17:00.000,      2022-11-17,20:17:00    ,Stamper_Front_door_open ,                  8603.0
2022-11-17 20:17:00.000,      2022-11-17,20:17:00    ,Stamper_push_button_stop,                   617.0
2022-11-17 20:15:59.000,      2022-11-17,20:15:59    ,Emergency_sick_fault    ,                  9792.0
2022-11-17 20:15:59.000,      2022-11-17,20:15:59    ,Stamper_Front_door_open ,                  8544.0
2022-11-17 20:15:59.000,      2022-11-17,20:15:59    ,Stamper_push_button_stop,                   617.0
2022-11-17 20:15:00.000,      2022-11-17,20:15:00    ,Emergency_sick_fault    ,                  9733.0
2022-11-17 20:15:00.000,      2022-11-17,20:15:00    ,Stamper_Front_door_open ,                  8485.0
2022-11-17 20:15:00.000,      2022-11-17,20:15:00    ,Stamper_push_button_stop,                   617.0
2022-11-17 20:14:00.000,      2022-11-17,20:14:00    ,Emergency_sick_fault    ,                  9674.0
2022-11-17 20:14:00.000,      2022-11-17,20:14:00    ,Stamper_Front_door_open ,                  8426.0
2022-11-17 20:14:00.000,      2022-11-17,20:14:00    ,Stamper_push_button_stop,                   617.0
2022-11-17 20:12:59.000,      2022-11-17,20:12:59    ,Emergency_sick_fault    ,                  9614.0
2022-11-17 20:12:59.000,      2022-11-17,20:12:59    ,Stamper_Front_door_open ,                  8366.0
2022-11-17 20:12:59.000,      2022-11-17,20:12:59    ,Stamper_push_button_stop,                   617.0
2022-11-17 20:11:59.000,      2022-11-17,20:11:59    ,Emergency_sick_fault    ,                  9555.0
2022-11-17 20:11:59.000,      2022-11-17,20:11:59    ,Stamper_Front_door_open ,                  8307.0
2022-11-17 20:11:59.000,      2022-11-17,20:11:59    ,Stamper_push_button_stop,                   617.0
2022-11-17 20:11:00.000,      2022-11-17,20:11:00    ,Emergency_sick_fault    ,                  9555.0
2022-11-17 20:11:00.000,      2022-11-17,20:11:00    ,Stamper_Front_door_open ,                  8307.0
2022-11-17 20:11:00.000,      2022-11-17,20:11:00    ,Stamper_push_button_stop,                   617.0
2022-11-17 20:09:59.000,      2022-11-17,20:09:59    ,Emergency_sick_fault    ,                  9438.0
2022-11-17 20:09:59.000,      2022-11-17,20:09:59    ,Stamper_Front_door_open ,                  8190.0
2022-11-17 20:09:59.000,      2022-11-17,20:09:59    ,Stamper_push_button_stop,                   617.0
2022-11-17 20:08:59.000,      2022-11-17,20:08:59    ,Emergency_sick_fault    ,                  9378.0
2022-11-17 20:08:59.000,      2022-11-17,20:08:59    ,Stamper_Front_door_open ,                  8130.0
2022-11-17 20:08:59.000,      2022-11-17,20:08:59    ,Stamper_push_button_stop,                   617.0
2022-11-17 20:08:00.000,      2022-11-17,20:08:00    ,Emergency_sick_fault    ,                  9319.0
2022-11-17 20:08:00.000,      2022-11-17,20:08:00    ,Stamper_Front_door_open ,                  8071.0
2022-11-17 20:08:00.000,      2022-11-17,20:08:00    ,Stamper_push_button_stop,                   617.0
2022-11-17 20:06:59.000,      2022-11-17,20:06:59    ,Emergency_sick_fault    ,                  9260.0
2022-11-17 20:06:59.000,      2022-11-17,20:06:59    ,Stamper_Front_door_open ,                  8012.0
2022-11-17 20:06:59.000,      2022-11-17,20:06:59    ,Stamper_push_button_stop,                   617.0
2022-11-17 20:05:59.000,      2022-11-17,20:05:59    ,Emergency_sick_fault    ,                  9201.0
2022-11-17 20:05:59.000,      2022-11-17,20:05:59    ,Stamper_Front_door_open ,                  7953.0
2022-11-17 20:05:59.000,      2022-11-17,20:05:59    ,Stamper_push_button_stop,                   617.0
2022-11-17 20:05:00.000,      2022-11-17,20:05:00    ,Emergency_sick_fault    ,                  9142.0
2022-11-17 20:05:00.000,      2022-11-17,20:05:00    ,Stamper_Front_door_open ,                  7894.0
2022-11-17 20:05:00.000,      2022-11-17,20:05:00    ,Stamper_push_button_stop,                   617.0
2022-11-17 20:04:00.000,      2022-11-17,20:04:00    ,Emergency_sick_fault    ,                  9083.0
2022-11-17 20:04:00.000,      2022-11-17,20:04:00    ,Stamper_Front_door_open ,                  7835.0
2022-11-17 20:04:00.000,      2022-11-17,20:04:00    ,Stamper_push_button_stop,                   617.0
2022-11-17 20:02:59.000,      2022-11-17,20:02:59    ,Emergency_sick_fault    ,                  9024.0
2022-11-17 20:02:59.000,      2022-11-17,20:02:59    ,Stamper_Front_door_open ,                  7776.0
2022-11-17 20:02:59.000,      2022-11-17,20:02:59    ,Stamper_push_button_stop,                   617.0
2022-11-17 20:01:59.000,      2022-11-17,20:01:59    ,Emergency_sick_fault    ,                  8965.0
2022-11-17 20:01:59.000,      2022-11-17,20:01:59    ,Stamper_Front_door_open ,                  7717.0
2022-11-17 20:01:59.000,      2022-11-17,20:01:59    ,Stamper_push_button_stop,                   617.0
2022-11-17 20:00:59.000,      2022-11-17,20:00:59    ,Emergency_sick_fault    ,                  8905.0
2022-11-17 20:00:59.000,      2022-11-17,20:00:59    ,Stamper_Front_door_open ,                  7657.0
2022-11-17 20:00:59.000,      2022-11-17,20:00:59    ,Stamper_push_button_stop,                   617.0
2022-11-17 20:00:00.000,      2022-11-17,20:00:00    ,Emergency_sick_fault    ,                  8846.0
2022-11-17 20:00:00.000,      2022-11-17,20:00:00    ,Stamper_Front_door_open ,                  7598.0
2022-11-17 20:00:00.000,      2022-11-17,20:00:00    ,Stamper_push_button_stop,                   617.0
2022-11-17 19:58:59.000,      2022-11-17,19:58:59    ,Emergency_sick_fault    ,                  8787.0
2022-11-17 19:58:59.000,      2022-11-17,19:58:59    ,Stamper_Front_door_open ,                  7539.0
2022-11-17 19:58:59.000,      2022-11-17,19:58:59    ,Stamper_push_button_stop,                   617.0
2022-11-17 19:57:59.000,      2022-11-17,19:57:59    ,Emergency_sick_fault    ,                  8728.0
2022-11-17 19:57:59.000,      2022-11-17,19:57:59    ,Stamper_Front_door_open ,                  7480.0
2022-11-17 19:57:59.000,      2022-11-17,19:57:59    ,Stamper_push_button_stop,                   617.0
2022-11-17 19:57:00.000,      2022-11-17,19:57:00    ,Emergency_sick_fault    ,                  8728.0
2022-11-17 19:57:00.000,      2022-11-17,19:57:00    ,Stamper_Front_door_open ,                  7480.0
2022-11-17 19:57:00.000,      2022-11-17,19:57:00    ,Stamper_push_button_stop,                   617.0
2022-11-17 19:55:59.000,      2022-11-17,19:55:59    ,Emergency_sick_fault    ,                  8610.0
2022-11-17 19:55:59.000,      2022-11-17,19:55:59    ,Stamper_Front_door_open ,                  7362.0
2022-11-17 19:55:59.000,      2022-11-17,19:55:59    ,Stamper_push_button_stop,                   617.0
2022-11-17 19:54:59.000,      2022-11-17,19:54:59    ,Emergency_sick_fault    ,                  8551.0
2022-11-17 19:54:59.000,      2022-11-17,19:54:59    ,Stamper_Front_door_open ,                  7303.0
2022-11-17 19:54:59.000,      2022-11-17,19:54:59    ,Stamper_push_button_stop,                   617.0
2022-11-17 19:53:59.000,      2022-11-17,19:53:59    ,Emergency_sick_fault    ,                  8491.0
2022-11-17 19:53:59.000,      2022-11-17,19:53:59    ,Stamper_Front_door_open ,                  7243.0
2022-11-17 19:53:59.000,      2022-11-17,19:53:59    ,Stamper_push_button_stop,                   617.0
2022-11-17 19:52:59.000,      2022-11-17,19:52:59    ,Emergency_sick_fault    ,                  8432.0
2022-11-17 19:52:59.000,      2022-11-17,19:52:59    ,Stamper_Front_door_open ,                  7184.0
2022-11-17 19:52:59.000,      2022-11-17,19:52:59    ,Stamper_push_button_stop,                   617.0
2022-11-17 19:51:59.000,      2022-11-17,19:51:59    ,Emergency_sick_fault    ,                  8374.0
2022-11-17 19:51:59.000,      2022-11-17,19:51:59    ,Stamper_Front_door_open ,                  7126.0
2022-11-17 19:51:59.000,      2022-11-17,19:51:59    ,Stamper_push_button_stop,                   617.0
2022-11-17 19:50:59.000,      2022-11-17,19:50:59    ,Emergency_sick_fault    ,                  8315.0
2022-11-17 19:50:59.000,      2022-11-17,19:50:59    ,Stamper_Front_door_open ,                  7067.0
2022-11-17 19:50:59.000,      2022-11-17,19:50:59    ,Stamper_push_button_stop,                   617.0
2022-11-17 19:49:59.000,      2022-11-17,19:49:59    ,Emergency_sick_fault    ,                  8255.0
2022-11-17 19:49:59.000,      2022-11-17,19:49:59    ,Stamper_Front_door_open ,                  7007.0
2022-11-17 19:49:59.000,      2022-11-17,19:49:59    ,Stamper_push_button_stop,                   617.0
2022-11-17 19:48:59.000,      2022-11-17,19:48:59    ,Emergency_sick_fault    ,                  8196.0
2022-11-17 19:48:59.000,      2022-11-17,19:48:59    ,Stamper_Front_door_open ,                  6948.0
2022-11-17 19:48:59.000,      2022-11-17,19:48:59    ,Stamper_push_button_stop,                   617.0
2022-11-17 19:48:00.000,      2022-11-17,19:48:00    ,Emergency_sick_fault    ,                  8196.0
2022-11-17 19:48:00.000,      2022-11-17,19:48:00    ,Stamper_Front_door_open ,                  6948.0
2022-11-17 19:48:00.000,      2022-11-17,19:48:00    ,Stamper_push_button_stop,                   617.0
2022-11-17 19:47:00.000,      2022-11-17,19:47:00    ,Emergency_sick_fault    ,                  8137.0
2022-11-17 19:47:00.000,      2022-11-17,19:47:00    ,Stamper_Front_door_open ,                  6889.0
2022-11-17 19:47:00.000,      2022-11-17,19:47:00    ,Stamper_push_button_stop,                   617.0
2022-11-17 19:46:00.000,      2022-11-17,19:46:00    ,Emergency_sick_fault    ,                  8078.0
2022-11-17 19:46:00.000,      2022-11-17,19:46:00    ,Stamper_Front_door_open ,                  6830.0
2022-11-17 19:46:00.000,      2022-11-17,19:46:00    ,Stamper_push_button_stop,                   617.0
2022-11-17 19:44:59.000,      2022-11-17,19:44:59    ,Emergency_sick_fault    ,                  8018.0
2022-11-17 19:44:59.000,      2022-11-17,19:44:59    ,Stamper_Front_door_open ,                  6770.0
2022-11-17 19:44:59.000,      2022-11-17,19:44:59    ,Stamper_push_button_stop,                   617.0
2022-11-17 19:44:00.000,      2022-11-17,19:44:00    ,Emergency_sick_fault    ,                  7960.0
2022-11-17 19:44:00.000,      2022-11-17,19:44:00    ,Stamper_Front_door_open ,                  6712.0
2022-11-17 19:44:00.000,      2022-11-17,19:44:00    ,Stamper_push_button_stop,                   617.0
2022-11-17 19:43:00.000,      2022-11-17,19:43:00    ,Emergency_sick_fault    ,                  7901.0
2022-11-17 19:43:00.000,      2022-11-17,19:43:00    ,Stamper_Front_door_open ,                  6653.0
2022-11-17 19:43:00.000,      2022-11-17,19:43:00    ,Stamper_push_button_stop,                   617.0
2022-11-17 19:41:59.000,      2022-11-17,19:41:59    ,Emergency_sick_fault    ,                  7842.0
2022-11-17 19:41:59.000,      2022-11-17,19:41:59    ,Stamper_Front_door_open ,                  6594.0
2022-11-17 19:41:59.000,      2022-11-17,19:41:59    ,Stamper_push_button_stop,                   617.0
2022-11-17 19:40:59.000,      2022-11-17,19:40:59    ,Emergency_sick_fault    ,                  7782.0
2022-11-17 19:40:59.000,      2022-11-17,19:40:59    ,Stamper_Front_door_open ,                  6534.0
2022-11-17 19:40:59.000,      2022-11-17,19:40:59    ,Stamper_push_button_stop,                   617.0
2022-11-17 19:40:00.000,      2022-11-17,19:40:00    ,Emergency_sick_fault    ,                  7723.0
2022-11-17 19:40:00.000,      2022-11-17,19:40:00    ,Stamper_Front_door_open ,                  6475.0
2022-11-17 19:40:00.000,      2022-11-17,19:40:00    ,Stamper_push_button_stop,                   617.0
2022-11-17 19:38:59.000,      2022-11-17,19:38:59    ,Emergency_sick_fault    ,                  7664.0
2022-11-17 19:38:59.000,      2022-11-17,19:38:59    ,Stamper_Front_door_open ,                  6416.0
2022-11-17 19:38:59.000,      2022-11-17,19:38:59    ,Stamper_push_button_stop,                   617.0
2022-11-17 19:37:59.000,      2022-11-17,19:37:59    ,Emergency_sick_fault    ,                  7546.0
2022-11-17 19:37:59.000,      2022-11-17,19:37:59    ,Stamper_Front_door_open ,                  6298.0
2022-11-17 19:37:59.000,      2022-11-17,19:37:59    ,Stamper_push_button_stop,                   617.0
2022-11-17 19:36:59.000,      2022-11-17,19:36:59    ,Emergency_sick_fault    ,                  7487.0
2022-11-17 19:36:59.000,      2022-11-17,19:36:59    ,Stamper_Front_door_open ,                  6239.0
2022-11-17 19:36:59.000,      2022-11-17,19:36:59    ,Stamper_push_button_stop,                   617.0
2022-11-17 19:36:00.000,      2022-11-17,19:36:00    ,Emergency_sick_fault    ,                  7487.0
2022-11-17 19:36:00.000,      2022-11-17,19:36:00    ,Stamper_Front_door_open ,                  6239.0
2022-11-17 19:36:00.000,      2022-11-17,19:36:00    ,Stamper_push_button_stop,                   617.0
2022-11-17 19:34:59.000,      2022-11-17,19:34:59    ,Emergency_sick_fault    ,                  7323.0
2022-11-17 19:34:59.000,      2022-11-17,19:34:59    ,Stamper_Front_door_open ,                  6075.0
2022-11-17 19:34:59.000,      2022-11-17,19:34:59    ,Stamper_push_button_stop,                   617.0
2022-11-17 19:33:59.000,      2022-11-17,19:33:59    ,Emergency_sick_fault    ,                  7323.0
2022-11-17 19:33:59.000,      2022-11-17,19:33:59    ,Stamper_Front_door_open ,                  6075.0
2022-11-17 19:33:59.000,      2022-11-17,19:33:59    ,Stamper_push_button_stop,                   617.0
2022-11-17 19:32:59.000,      2022-11-17,19:32:59    ,Emergency_sick_fault    ,                  7205.0
2022-11-17 19:32:59.000,      2022-11-17,19:32:59    ,Stamper_Front_door_open ,                  5957.0
2022-11-17 19:32:59.000,      2022-11-17,19:32:59    ,Stamper_push_button_stop,                   617.0
2022-11-17 19:31:59.000,      2022-11-17,19:31:59    ,Emergency_sick_fault    ,                  7146.0
2022-11-17 19:31:59.000,      2022-11-17,19:31:59    ,Stamper_Front_door_open ,                  5898.0
2022-11-17 19:31:59.000,      2022-11-17,19:31:59    ,Stamper_push_button_stop,                   617.0
2022-11-17 19:30:59.000,      2022-11-17,19:30:59    ,Emergency_sick_fault    ,                  7146.0
2022-11-17 19:30:59.000,      2022-11-17,19:30:59    ,Stamper_Front_door_open ,                  5898.0
2022-11-17 19:30:59.000,      2022-11-17,19:30:59    ,Stamper_push_button_stop,                   617.0
2022-11-17 19:29:59.000,      2022-11-17,19:29:59    ,Emergency_sick_fault    ,                  7087.0
2022-11-17 19:29:59.000,      2022-11-17,19:29:59    ,Stamper_Front_door_open ,                  5839.0
2022-11-17 19:29:59.000,      2022-11-17,19:29:59    ,Stamper_push_button_stop,                   617.0
2022-11-17 19:28:59.000,      2022-11-17,19:28:59    ,Emergency_sick_fault    ,                  7028.0
2022-11-17 19:28:59.000,      2022-11-17,19:28:59    ,Stamper_Front_door_open ,                  5780.0
2022-11-17 19:28:59.000,      2022-11-17,19:28:59    ,Stamper_push_button_stop,                   617.0
2022-11-17 19:27:59.000,      2022-11-17,19:27:59    ,Emergency_sick_fault    ,                  6969.0
2022-11-17 19:27:59.000,      2022-11-17,19:27:59    ,Stamper_Front_door_open ,                  5721.0
2022-11-17 19:27:59.000,      2022-11-17,19:27:59    ,Stamper_push_button_stop,                   617.0
2022-11-17 19:26:59.000,      2022-11-17,19:26:59    ,Emergency_sick_fault    ,                  6850.0
2022-11-17 19:26:59.000,      2022-11-17,19:26:59    ,Stamper_Front_door_open ,                  5602.0
2022-11-17 19:26:59.000,      2022-11-17,19:26:59    ,Stamper_push_button_stop,                   617.0
2022-11-17 19:25:59.000,      2022-11-17,19:25:59    ,Emergency_sick_fault    ,                  6850.0
2022-11-17 19:25:59.000,      2022-11-17,19:25:59    ,Stamper_Front_door_open ,                  5602.0
2022-11-17 19:25:59.000,      2022-11-17,19:25:59    ,Stamper_push_button_stop,                   617.0
2022-11-17 19:24:59.000,      2022-11-17,19:24:59    ,Emergency_sick_fault    ,                  6791.0
2022-11-17 19:24:59.000,      2022-11-17,19:24:59    ,Stamper_Front_door_open ,                  5543.0
2022-11-17 19:24:59.000,      2022-11-17,19:24:59    ,Stamper_push_button_stop,                   617.0
2022-11-17 19:24:00.000,      2022-11-17,19:24:00    ,Emergency_sick_fault    ,                  6732.0
2022-11-17 19:24:00.000,      2022-11-17,19:24:00    ,Stamper_Front_door_open ,                  5484.0
2022-11-17 19:24:00.000,      2022-11-17,19:24:00    ,Stamper_push_button_stop,                   617.0
2022-11-17 19:23:00.000,      2022-11-17,19:23:00    ,Emergency_sick_fault    ,                  6673.0
2022-11-17 19:23:00.000,      2022-11-17,19:23:00    ,Stamper_Front_door_open ,                  5425.0
2022-11-17 19:23:00.000,      2022-11-17,19:23:00    ,Stamper_push_button_stop,                   617.0
2022-11-17 19:21:59.000,      2022-11-17,19:21:59    ,Emergency_sick_fault    ,                  6614.0
2022-11-17 19:21:59.000,      2022-11-17,19:21:59    ,Stamper_Front_door_open ,                  5366.0
2022-11-17 19:21:59.000,      2022-11-17,19:21:59    ,Stamper_push_button_stop,                   617.0
2022-11-17 19:21:00.000,      2022-11-17,19:21:00    ,Emergency_sick_fault    ,                  6555.0
2022-11-17 19:21:00.000,      2022-11-17,19:21:00    ,Stamper_Front_door_open ,                  5307.0
2022-11-17 19:21:00.000,      2022-11-17,19:21:00    ,Stamper_push_button_stop,                   617.0
2022-11-17 19:19:59.000,      2022-11-17,19:19:59    ,Emergency_sick_fault    ,                  6496.0
2022-11-17 19:19:59.000,      2022-11-17,19:19:59    ,Stamper_Front_door_open ,                  5248.0
2022-11-17 19:19:59.000,      2022-11-17,19:19:59    ,Stamper_push_button_stop,                   617.0
2022-11-17 19:19:00.000,      2022-11-17,19:19:00    ,Emergency_sick_fault    ,                  6437.0
2022-11-17 19:19:00.000,      2022-11-17,19:19:00    ,Stamper_Front_door_open ,                  5189.0
2022-11-17 19:19:00.000,      2022-11-17,19:19:00    ,Stamper_push_button_stop,                   617.0
2022-11-17 19:17:59.000,      2022-11-17,19:17:59    ,Emergency_sick_fault    ,                  6378.0
2022-11-17 19:17:59.000,      2022-11-17,19:17:59    ,Stamper_Front_door_open ,                  5130.0
2022-11-17 19:17:59.000,      2022-11-17,19:17:59    ,Stamper_push_button_stop,                   617.0
2022-11-17 19:16:59.000,      2022-11-17,19:16:59    ,Emergency_sick_fault    ,                  6318.0
2022-11-17 19:16:59.000,      2022-11-17,19:16:59    ,Stamper_Front_door_open ,                  5070.0
2022-11-17 19:16:59.000,      2022-11-17,19:16:59    ,Stamper_push_button_stop,                   617.0
2022-11-17 19:15:59.000,      2022-11-17,19:15:59    ,Emergency_sick_fault    ,                  6259.0
2022-11-17 19:15:59.000,      2022-11-17,19:15:59    ,Stamper_Front_door_open ,                  5011.0
2022-11-17 19:15:59.000,      2022-11-17,19:15:59    ,Stamper_push_button_stop,                   617.0
2022-11-17 19:15:00.000,      2022-11-17,19:15:00    ,Emergency_sick_fault    ,                  6200.0
2022-11-17 19:15:00.000,      2022-11-17,19:15:00    ,Stamper_Front_door_open ,                  4952.0
2022-11-17 19:15:00.000,      2022-11-17,19:15:00    ,Stamper_push_button_stop,                   617.0
2022-11-17 19:13:59.000,      2022-11-17,19:13:59    ,Emergency_sick_fault    ,                  6141.0
2022-11-17 19:13:59.000,      2022-11-17,19:13:59    ,Stamper_Front_door_open ,                  4893.0
2022-11-17 19:13:59.000,      2022-11-17,19:13:59    ,Stamper_push_button_stop,                   617.0
2022-11-17 19:12:59.000,      2022-11-17,19:12:59    ,Emergency_sick_fault    ,                  6082.0
2022-11-17 19:12:59.000,      2022-11-17,19:12:59    ,Stamper_Front_door_open ,                  4834.0
2022-11-17 19:12:59.000,      2022-11-17,19:12:59    ,Stamper_push_button_stop,                   617.0
2022-11-17 19:12:00.000,      2022-11-17,19:12:00    ,Emergency_sick_fault    ,                  6023.0
2022-11-17 19:12:00.000,      2022-11-17,19:12:00    ,Stamper_Front_door_open ,                  4775.0
2022-11-17 19:12:00.000,      2022-11-17,19:12:00    ,Stamper_push_button_stop,                   617.0
2022-11-17 19:10:59.000,      2022-11-17,19:10:59    ,Emergency_sick_fault    ,                  5964.0
2022-11-17 19:10:59.000,      2022-11-17,19:10:59    ,Stamper_Front_door_open ,                  4716.0
2022-11-17 19:10:59.000,      2022-11-17,19:10:59    ,Stamper_push_button_stop,                   617.0
2022-11-17 19:09:59.000,      2022-11-17,19:09:59    ,Emergency_sick_fault    ,                  5905.0
2022-11-17 19:09:59.000,      2022-11-17,19:09:59    ,Stamper_Front_door_open ,                  4657.0
2022-11-17 19:09:59.000,      2022-11-17,19:09:59    ,Stamper_push_button_stop,                   617.0
2022-11-17 19:08:59.000,      2022-11-17,19:08:59    ,Emergency_sick_fault    ,                  5845.0
2022-11-17 19:08:59.000,      2022-11-17,19:08:59    ,Stamper_Front_door_open ,                  4597.0
2022-11-17 19:08:59.000,      2022-11-17,19:08:59    ,Stamper_push_button_stop,                   617.0
2022-11-17 19:07:59.000,      2022-11-17,19:07:59    ,Emergency_sick_fault    ,                  5786.0
2022-11-17 19:07:59.000,      2022-11-17,19:07:59    ,Stamper_Front_door_open ,                  4538.0
2022-11-17 19:07:59.000,      2022-11-17,19:07:59    ,Stamper_push_button_stop,                   617.0
2022-11-17 19:07:00.000,      2022-11-17,19:07:00    ,Emergency_sick_fault    ,                  5727.0
2022-11-17 19:07:00.000,      2022-11-17,19:07:00    ,Stamper_Front_door_open ,                  4479.0
2022-11-17 19:07:00.000,      2022-11-17,19:07:00    ,Stamper_push_button_stop,                   617.0
2022-11-17 19:05:59.000,      2022-11-17,19:05:59    ,Emergency_sick_fault    ,                  5668.0
2022-11-17 19:05:59.000,      2022-11-17,19:05:59    ,Stamper_Front_door_open ,                  4420.0
2022-11-17 19:05:59.000,      2022-11-17,19:05:59    ,Stamper_push_button_stop,                   617.0
2022-11-17 19:05:00.000,      2022-11-17,19:05:00    ,Emergency_sick_fault    ,                  5609.0
2022-11-17 19:05:00.000,      2022-11-17,19:05:00    ,Stamper_Front_door_open ,                  4361.0
2022-11-17 19:05:00.000,      2022-11-17,19:05:00    ,Stamper_push_button_stop,                   617.0
2022-11-17 19:03:59.000,      2022-11-17,19:03:59    ,Emergency_sick_fault    ,                  5550.0
2022-11-17 19:03:59.000,      2022-11-17,19:03:59    ,Stamper_Front_door_open ,                  4302.0
2022-11-17 19:03:59.000,      2022-11-17,19:03:59    ,Stamper_push_button_stop,                   617.0
2022-11-17 19:02:59.000,      2022-11-17,19:02:59    ,Emergency_sick_fault    ,                  5491.0
2022-11-17 19:02:59.000,      2022-11-17,19:02:59    ,Stamper_Front_door_open ,                  4243.0
2022-11-17 19:02:59.000,      2022-11-17,19:02:59    ,Stamper_push_button_stop,                   617.0
2022-11-17 19:02:00.000,      2022-11-17,19:02:00    ,Emergency_sick_fault    ,                  5432.0
2022-11-17 19:02:00.000,      2022-11-17,19:02:00    ,Stamper_Front_door_open ,                  4184.0
2022-11-17 19:02:00.000,      2022-11-17,19:02:00    ,Stamper_push_button_stop,                   617.0
2022-11-17 19:00:59.000,      2022-11-17,19:00:59    ,Emergency_sick_fault    ,                  5373.0
2022-11-17 19:00:59.000,      2022-11-17,19:00:59    ,Stamper_Front_door_open ,                  4125.0
2022-11-17 19:00:59.000,      2022-11-17,19:00:59    ,Stamper_push_button_stop,                   617.0
2022-11-17 19:00:00.000,      2022-11-17,19:00:00    ,Emergency_sick_fault    ,                  5313.0
2022-11-17 19:00:00.000,      2022-11-17,19:00:00    ,Stamper_Front_door_open ,                  4065.0
2022-11-17 19:00:00.000,      2022-11-17,19:00:00    ,Stamper_push_button_stop,                   617.0
2022-11-17 18:59:00.000,      2022-11-17,18:59:00    ,Emergency_sick_fault    ,                  5254.0
2022-11-17 18:59:00.000,      2022-11-17,18:59:00    ,Stamper_Front_door_open ,                  4006.0
2022-11-17 18:59:00.000,      2022-11-17,18:59:00    ,Stamper_push_button_stop,                   617.0
2022-11-17 18:57:59.000,      2022-11-17,18:57:59    ,Emergency_sick_fault    ,                  5195.0
2022-11-17 18:57:59.000,      2022-11-17,18:57:59    ,Stamper_Front_door_open ,                  3947.0
2022-11-17 18:57:59.000,      2022-11-17,18:57:59    ,Stamper_push_button_stop,                   617.0
2022-11-17 18:56:59.000,      2022-11-17,18:56:59    ,Emergency_sick_fault    ,                  5136.0
2022-11-17 18:56:59.000,      2022-11-17,18:56:59    ,Stamper_Front_door_open ,                  3888.0
2022-11-17 18:56:59.000,      2022-11-17,18:56:59    ,Stamper_push_button_stop,                   617.0
2022-11-17 18:56:00.000,      2022-11-17,18:56:00    ,Emergency_sick_fault    ,                  5077.0
2022-11-17 18:56:00.000,      2022-11-17,18:56:00    ,Stamper_Front_door_open ,                  3829.0
2022-11-17 18:56:00.000,      2022-11-17,18:56:00    ,Stamper_push_button_stop,                   617.0
2022-11-17 18:54:59.000,      2022-11-17,18:54:59    ,Emergency_sick_fault    ,                  5018.0
2022-11-17 18:54:59.000,      2022-11-17,18:54:59    ,Stamper_Front_door_open ,                  3770.0
2022-11-17 18:54:59.000,      2022-11-17,18:54:59    ,Stamper_push_button_stop,                   617.0
2022-11-17 18:53:59.000,      2022-11-17,18:53:59    ,Emergency_sick_fault    ,                  4959.0
2022-11-17 18:53:59.000,      2022-11-17,18:53:59    ,Stamper_Front_door_open ,                  3711.0
2022-11-17 18:53:59.000,      2022-11-17,18:53:59    ,Stamper_push_button_stop,                   617.0
2022-11-17 18:52:59.000,      2022-11-17,18:52:59    ,Emergency_sick_fault    ,                  4900.0
2022-11-17 18:52:59.000,      2022-11-17,18:52:59    ,Stamper_Front_door_open ,                  3652.0
2022-11-17 18:52:59.000,      2022-11-17,18:52:59    ,Stamper_push_button_stop,                   617.0
2022-11-17 18:51:59.000,      2022-11-17,18:51:59    ,Emergency_sick_fault    ,                  4843.0
2022-11-17 18:51:59.000,      2022-11-17,18:51:59    ,Stamper_Front_door_open ,                  3595.0
2022-11-17 18:51:59.000,      2022-11-17,18:51:59    ,Stamper_push_button_stop,                   617.0

(888 rows affected)
